Sheet,Spanish (Spain),Phonetics,Kind
"Greetings, Basics and Pronouns",hola,/ola/,exact
"Greetings, Basics and Pronouns",adiós,/aˈðjos/,exact
"Greetings, Basics and Pronouns",buenos días,/bwenos ˈdias/,composed
"Greetings, Basics and Pronouns",buenas tardes,/bwenas taɾðes/,composed
"Greetings, Basics and Pronouns",buenas noches,/bwenas notʃes/,composed
"Greetings, Basics and Pronouns",hasta luego,/asta lweɣo/,composed
"Greetings, Basics and Pronouns",hasta pronto,/asta pɾonto/,composed
"Greetings, Basics and Pronouns",hasta mañana,/asta maɲana/,composed
"Greetings, Basics and Pronouns",nos vemos,/nos bemos/,composed
"Greetings, Basics and Pronouns",chao,,missing
"Greetings, Basics and Pronouns",gracias,/gɾaθjas/,exact
"Greetings, Basics and Pronouns",muchas gracias,/mutʃas gɾaθjas/,composed
"Greetings, Basics and Pronouns",de nada,/de naða/,composed
"Greetings, Basics and Pronouns",por favor,/poɾ faβoɾ/,composed
"Greetings, Basics and Pronouns",lo siento,/lo sjento/,composed
"Greetings, Basics and Pronouns",perdón,/peˈɾðon/,exact
"Greetings, Basics and Pronouns",disculpe,/diskulpe/,exact
"Greetings, Basics and Pronouns",sí,/ˈsi/,exact
"Greetings, Basics and Pronouns",no,/no/,exact
"Greetings, Basics and Pronouns",vale,/bale/,exact
"Greetings, Basics and Pronouns",claro,/klaɾo/,exact
"Greetings, Basics and Pronouns",por supuesto,/poɾ supwesto/,composed
"Greetings, Basics and Pronouns",bienvenido,/bjembeniðo/,exact
"Greetings, Basics and Pronouns",¿qué tal?,/ˈke tal/,composed
"Greetings, Basics and Pronouns",¿cómo estás?,/ˈkomo eˈstas/,composed
"Greetings, Basics and Pronouns",bien,/bjen/,exact
"Greetings, Basics and Pronouns",mal,/mal/,exact
"Greetings, Basics and Pronouns",más o menos,/ˈmas o menos/,composed
"Greetings, Basics and Pronouns",me llamo,/me ʎamo/,composed
"Greetings, Basics and Pronouns",mucho gusto,/mutʃo gusto/,composed
"Greetings, Basics and Pronouns",encantado,/eŋkantaðo/,exact
"Greetings, Basics and Pronouns",igualmente,/iɣwalmente/,exact
"Greetings, Basics and Pronouns",felicidades,/feliθiðaðes/,exact
"Greetings, Basics and Pronouns",feliz cumpleaños,/feliθ kumpleaɲos/,composed
"Greetings, Basics and Pronouns",salud,/saluð/,exact
"Greetings, Basics and Pronouns",buen provecho,/bwen pɾoβetʃo/,composed
"Greetings, Basics and Pronouns",cuídate,,missing
"Greetings, Basics and Pronouns",no entiendo,/no entjendo/,composed
"Greetings, Basics and Pronouns",¿puede repetir?,/pweðe repetiɾ/,composed
"Greetings, Basics and Pronouns",¿hablas inglés?,/aβlas iˈŋgles/,composed
"Greetings, Basics and Pronouns",con permiso,/kon peɾmiso/,composed
"Greetings, Basics and Pronouns",no importa,/no impoɾta/,composed
"Greetings, Basics and Pronouns",¡qué bien!,/ˈke bjen/,composed
"Greetings, Basics and Pronouns",¡qué pena!,/ˈke pena/,composed
"Greetings, Basics and Pronouns",buena suerte,/bwena sweɾte/,composed
"Greetings, Basics and Pronouns",oye,/oʝe/,exact
"Greetings, Basics and Pronouns",vamos,/bamos/,exact
"Greetings, Basics and Pronouns",ojalá,/oxaˈla/,exact
"Greetings, Basics and Pronouns",uf,/uf/,exact
"Greetings, Basics and Pronouns",ay,/ˈaj/,exact
"Greetings, Basics and Pronouns",vaya,/baʝa/,exact
"Greetings, Basics and Pronouns",genial,/xenjal/,exact
"Greetings, Basics and Pronouns",estupendo,/estupendo/,exact
"Greetings, Basics and Pronouns",fenomenal,/fenomenal/,exact
"Greetings, Basics and Pronouns",yo,/ʝo/,exact
"Greetings, Basics and Pronouns",tú,/ˈtu/,exact
"Greetings, Basics and Pronouns",usted,/usteð/,exact
"Greetings, Basics and Pronouns",él,/ˈel/,exact
"Greetings, Basics and Pronouns",ella,/eʎa/,exact
"Greetings, Basics and Pronouns",nosotros,/nosotɾos/,exact
"Greetings, Basics and Pronouns",vosotros,/bosotɾos/,exact
"Greetings, Basics and Pronouns",ellos,/eʎos/,exact
"Greetings, Basics and Pronouns",este,/este/,exact
"Greetings, Basics and Pronouns",esta,/esta/,exact
"Greetings, Basics and Pronouns",esto,/esto/,exact
"Greetings, Basics and Pronouns",ese,/ese/,exact
"Greetings, Basics and Pronouns",esa,/esa/,exact
"Greetings, Basics and Pronouns",eso,/eso/,exact
"Greetings, Basics and Pronouns",estos,/estos/,exact
"Greetings, Basics and Pronouns",estas,/estas/,exact
"Greetings, Basics and Pronouns",esos,/esos/,exact
"Greetings, Basics and Pronouns",esas,/esas/,exact
"Greetings, Basics and Pronouns",conmigo,/kommiɣo/,exact
"Greetings, Basics and Pronouns",contigo,/kontiɣo/,exact
"Greetings, Basics and Pronouns",consigo,/konsiɣo/,exact
"Greetings, Basics and Pronouns",alguno,/alguno/,exact
"Greetings, Basics and Pronouns",ninguno,/niŋguno/,exact
"Greetings, Basics and Pronouns",quienquiera,/kjeŋkjeɾa/,exact
Colors,rojo,/roxo/,exact
Colors,azul,/aθul/,exact
Colors,verde,/beɾðe/,exact
Colors,amarillo,/amaɾiʎo/,exact
Colors,morado,/moɾaðo/,exact
Colors,rosa,/rosa/,exact
Colors,blanco,/blaŋko/,exact
Colors,negro,/neɣɾo/,exact
Colors,gris,/gɾis/,exact
Colors,marrón,/maˈron/,exact
Colors,beige,,missing
Colors,celeste,/θeleste/,exact
Colors,dorado,/doɾaðo/,exact
Colors,caqui,/kaki/,exact
Colors,plateado,/plateaðo/,exact
Colors,brillante,/bɾiʎante/,exact
Colors,oscuro,/oskuɾo/,exact
Colors,claro,/klaɾo/,exact
Colors,intenso,/intenso/,exact
Colors,pálido,/ˈpaliðo/,exact
Colors,opaco,/opako/,exact
Colors,saturado,/satuɾaðo/,exact
Colors,pastel,/pastel/,exact
Colors,suave,/swaβe/,exact
Colors,neón,/neˈon/,exact
Colors,vivo,/biβo/,exact
Colors,desteñido,/desteɲiðo/,exact
Colors,mate,/mate/,exact
Colors,turquesa,/tuɾkesa/,exact
Colors,cian,,missing
Colors,lila,/lila/,exact
Colors,violeta,/bjoleta/,exact
Colors,índigo,/ˈindiɣo/,exact
Colors,magenta,,missing
Colors,granate,/gɾanate/,exact
Colors,borgoña,/boɾɣoɲa/,exact
Colors,crema,/kɾema/,exact
Colors,marfil,/maɾfil/,exact
Colors,bronce,/bɾonθe/,exact
Colors,cobre,/koβɾe/,exact
Colors,coral,/koɾal/,exact
Colors,aguamarina,/aɣwamaɾina/,exact
Colors,ámbar,/ˈambaɾ/,exact
Colors,teja,/texa/,exact
Colors,multicolor,/multikoloɾ/,exact
Colors,bicolor,/bikoloɾ/,exact
Colors,estampado,/estampaðo/,exact
Colors,a rayas,/a raʝas/,composed
Colors,a cuadros,/a kwaðɾos/,composed
Colors,de lunares,/de lunaɾes/,composed
Colors,apagado,/apaɣaðo/,exact
Colors,tono,/tono/,exact
Colors,matiz,/matiθ/,exact
Colors,colorido,/koloɾiðo/,exact
Colors,incoloro,/iŋkoloɾo/,exact
Colors,teñido,/teɲiðo/,exact
Colors,colorear,/koloɾeaɾ/,exact
Animals,perro,/pero/,exact
Animals,gato,/gato/,exact
Animals,caballo,/kaβaʎo/,exact
Animals,vaca,/baka/,exact
Animals,oveja,/oβexa/,exact
Animals,cerdo,/θeɾðo/,exact
Animals,gallina,/gaʎina/,exact
Animals,pato,/pato/,exact
Animals,cisne,/θizne/,exact
Animals,elefante,/elefante/,exact
Animals,león,/leˈon/,exact
Animals,tigre,/tiɣɾe/,exact
Animals,jirafa,/xiɾafa/,exact
Animals,zorro,/θoro/,exact
Animals,lobo,/loβo/,exact
Animals,conejo,/konexo/,exact
Animals,ardilla,/aɾðiʎa/,exact
Animals,oso,/oso/,exact
Animals,mono,/mono/,exact
Animals,delfín,/deˈlfin/,exact
Animals,ballena,/baʎena/,exact
Animals,tiburón,/tiβuˈɾon/,exact
Animals,pez,/peθ/,exact
Animals,rana,/rana/,exact
Animals,serpiente,/seɾpjente/,exact
Animals,águila,/ˈaɣila/,exact
Animals,búho,/ˈbuo/,exact
Animals,pájaro,/ˈpaxaɾo/,exact
Animals,cuervo,/kweɾβo/,exact
Animals,murciélago,/muˈɾθjelaɣo/,exact
Animals,canguro,/kaŋguɾo/,exact
Animals,panda,/panda/,exact
Animals,camello,/kameʎo/,exact
Animals,cebra,/θeβɾa/,exact
Animals,rinoceronte,/rinoθeɾonte/,exact
Animals,pingüino,/piŋgwino/,exact
Animals,cocodrilo,/kokoðɾilo/,exact
Animals,tortuga,/toɾtuɣa/,exact
Animals,medusa,/meðusa/,exact
Animals,pulpo,/pulpo/,exact
Animals,caracol,/kaɾakol/,exact
Animals,lombriz,/lombɾiθ/,exact
Animals,mariposa,/maɾiposa/,exact
Animals,abeja,/aβexa/,exact
Animals,hormiga,/oɾmiɣa/,exact
Animals,mosca,/moska/,exact
Animals,araña,/aɾaɲa/,exact
Animals,grillo,/gɾiʎo/,exact
Animals,saltamontes,/saltamontes/,exact
Animals,búfalo,/ˈbufalo/,exact
Animals,ciervo,/θjeɾβo/,exact
Animals,castor,/kastoɾ/,exact
Animals,mapache,/mapatʃe/,exact
Animals,loro,/loɾo/,exact
Animals,colibrí,/koliˈβɾi/,exact
Animals,gaviota,/gaβjota/,exact
Animals,gavilán,/gaβiˈlan/,exact
Animals,avestruz,/aβestɾuθ/,exact
Animals,flamenco,/flameŋko/,exact
Clothes,camisa,/kamisa/,exact
Clothes,pantalones,/pantalones/,exact
Clothes,falda,/falda/,exact
Clothes,vestido,/bestiðo/,exact
Clothes,chaqueta,/tʃaketa/,exact
Clothes,abrigo,/aβɾiɣo/,exact
Clothes,suéter,/ˈsweteɾ/,exact
Clothes,blusa,/blusa/,exact
Clothes,camiseta,/kamiseta/,exact
Clothes,jeans,,missing
Clothes,chaleco,/tʃaleko/,exact
Clothes,traje,/tɾaxe/,exact
Clothes,corbata,/koɾβata/,exact
Clothes,pijama,/pixama/,exact
Clothes,bata,/bata/,exact
Clothes,ropa interior,/ropa inteɾjoɾ/,composed
Clothes,sujetador,/suxetaðoɾ/,exact
Clothes,calcetín,/kalθeˈtin/,exact
Clothes,media,/meðja/,exact
Clothes,zapatos,/θapatos/,exact
Clothes,bota,/bota/,exact
Clothes,sandalia,/sandalja/,exact
Clothes,zapatilla,/θapatiʎa/,exact
Clothes,gorra,/gora/,exact
Clothes,sombrero,/sombɾeɾo/,exact
Clothes,bufanda,/bufanda/,exact
Clothes,guante,/gwante/,exact
Clothes,pañuelo,/paɲwelo/,exact
Clothes,cinturón,/θintuˈɾon/,exact
Clothes,tirante,/tiɾante/,exact
Clothes,mocasín,,missing
Clothes,botín,/boˈtin/,exact
Clothes,chaquetón,/tʃakeˈton/,exact
Clothes,impermeable,/impeɾmeaβle/,exact
Clothes,chal,/tʃal/,exact
Clothes,traje de baño,/tɾaxe de baɲo/,composed
Clothes,bikini,,missing
Clothes,pareo,/paɾeo/,exact
Clothes,tacón,/taˈkon/,exact
Clothes,mono,/mono/,exact
Clothes,malla,/maʎa/,exact
Clothes,uniforme,/unifoɾme/,exact
Clothes,ropa,/ropa/,exact
Clothes,gorro,/goro/,exact
Clothes,chándal,,missing
Clothes,pantalón corto,/pantaˈlon koɾto/,composed
Clothes,sudadera,/suðaðeɾa/,exact
Clothes,cazadora,/kaθaðoɾa/,exact
Clothes,gabardina,/gaβaɾðina/,exact
Clothes,delantal,/delantal/,exact
Clothes,babero,/baβeɾo/,exact
Clothes,mono de trabajo,/mono de tɾaβaxo/,composed
Clothes,camisón,/kamiˈson/,exact
Clothes,albornoz,/alβoɾnoθ/,exact
Clothes,calzoncillo,/kalθonθiʎo/,exact
Clothes,braga,/bɾaɣa/,exact
Clothes,top,,missing
Clothes,manga,/maŋga/,exact
Clothes,manga larga,/maŋga laɾɣa/,composed
Clothes,manga corta,/maŋga koɾta/,composed
Clothes,cremallera,/kɾemaʎeɾa/,exact
Clothes,botón,/boˈton/,exact
Clothes,bolsillo,/bolsiʎo/,exact
Clothes,talla,/taʎa/,exact
Clothes,probarse,/pɾoβaɾse/,exact
Clothes,ponerse (ropa),/poneɾse/,exact
Clothes,quitarse (ropa),/kitaɾse/,exact
Clothes,desvestirse,,missing
Clothes,combinar (ropa),/kombinaɾ/,exact
Clothes,moda,/moða/,exact
Clothes,de moda,/de moða/,composed
Clothes,pasado de moda,/pasaðo de moða/,composed
Clothes,estilo,/estilo/,exact
Clothes,tejido,/texiðo/,exact
Clothes,algodón,/algoˈðon/,exact
Clothes,lana,/lana/,exact
Clothes,cuero,/kweɾo/,exact
Clothes,seda,/seða/,exact
Food and Drinks,pan,/pan/,exact
Food and Drinks,arroz,/aroθ/,exact
Food and Drinks,queso,/keso/,exact
Food and Drinks,leche,/letʃe/,exact
Food and Drinks,huevo,/weβo/,exact
Food and Drinks,carne,/kaɾne/,exact
Food and Drinks,pollo,/poʎo/,exact
Food and Drinks,pescado,/peskaðo/,exact
Food and Drinks,manzana,/manθana/,exact
Food and Drinks,plátano,/ˈplatano/,exact
Food and Drinks,naranja,/naɾaŋxa/,exact
Food and Drinks,uva,/uβa/,exact
Food and Drinks,pera,/peɾa/,exact
Food and Drinks,fresa,/fɾesa/,exact
Food and Drinks,melón,/meˈlon/,exact
Food and Drinks,sandía,/sanˈdia/,exact
Food and Drinks,piña,/piɲa/,exact
Food and Drinks,limón,/liˈmon/,exact
Food and Drinks,tomate,/tomate/,exact
Food and Drinks,patata,/patata/,exact
Food and Drinks,zanahoria,/θanaoɾja/,exact
Food and Drinks,cebolla,/θeβoʎa/,exact
Food and Drinks,ajo,/axo/,exact
Food and Drinks,lechuga,/letʃuɣa/,exact
Food and Drinks,maíz,/maˈiθ/,exact
Food and Drinks,pepino,/pepino/,exact
Food and Drinks,pimiento,/pimjento/,exact
Food and Drinks,champiñón,/tʃampiˈɲon/,exact
Food and Drinks,aceituna,/aθeituna/,exact
Food and Drinks,yogur,,missing
Food and Drinks,helado,/elaðo/,exact
Food and Drinks,galleta,/gaʎeta/,exact
Food and Drinks,pastel,/pastel/,exact
Food and Drinks,chocolate,/tʃokolate/,exact
Food and Drinks,azúcar,/aˈθukaɾ/,exact
Food and Drinks,sal,/sal/,exact
Food and Drinks,aceite,/aθeite/,exact
Food and Drinks,mantequilla,/mantekiʎa/,exact
Food and Drinks,miel,/mjel/,exact
Food and Drinks,vinagre,/binaɣɾe/,exact
Food and Drinks,pasta,/pasta/,exact
Food and Drinks,sopa,/sopa/,exact
Food and Drinks,ensalada,/ensalaða/,exact
Food and Drinks,hamburguesa,/ambuɾɣesa/,exact
Food and Drinks,pizza,,missing
Food and Drinks,bocadillo,/bokaðiʎo/,exact
Food and Drinks,tostada,/tostaða/,exact
Food and Drinks,bebida,/beβiða/,exact
Food and Drinks,agua,/aɣwa/,exact
Food and Drinks,café,/kaˈfe/,exact
Food and Drinks,té,/ˈte/,exact
Food and Drinks,zumo,/θumo/,exact
Food and Drinks,vino,/bino/,exact
Food and Drinks,cerveza,/θeɾβeθa/,exact
Food and Drinks,refresco,/refɾesko/,exact
Food and Drinks,limonada,/limonaða/,exact
Food and Drinks,batido,/batiðo/,exact
Food and Drinks,churro,/tʃuro/,exact
Food and Drinks,tarta,/taɾta/,exact
Food and Drinks,croqueta,/kɾoketa/,exact
Food and Drinks,tortilla,/toɾtiʎa/,exact
Food and Drinks,jamón,/xaˈmon/,exact
Food and Drinks,chorizo,/tʃoɾiθo/,exact
Food and Drinks,bacon,,missing
Food and Drinks,costilla,/kostiʎa/,exact
Food and Drinks,salmón,/saˈlmon/,exact
Food and Drinks,atún,/aˈtun/,exact
Food and Drinks,mariscos,/maɾiskos/,exact
Food and Drinks,calamares,/kalamaɾes/,exact
Food and Drinks,gamba,/gamba/,exact
Food and Drinks,langosta,/laŋgosta/,exact
Food and Drinks,tapas,/tapas/,exact
Food and Drinks,paella,/paeʎa/,exact
Food and Drinks,flan,/flan/,exact
Food and Drinks,natillas,/natiʎas/,exact
Food and Drinks,desayuno,/desaʝuno/,exact
Food and Drinks,comida,/komiða/,exact
Food and Drinks,almuerzo,/almweɾθo/,exact
Food and Drinks,cena,/θena/,exact
Food and Drinks,merienda,/meɾjenda/,exact
Food and Drinks,vaso,/baso/,exact
Food and Drinks,plato,/plato/,exact
Food and Drinks,tenedor,/teneðoɾ/,exact
Food and Drinks,cuchara,/kutʃaɾa/,exact
Food and Drinks,cuchillo,/kutʃiʎo/,exact
Food and Drinks,servilleta,/seɾβiʎeta/,exact
Food and Drinks,mantel,/mantel/,exact
Food and Drinks,taza,/taθa/,exact
Food and Drinks,copa,/kopa/,exact
Food and Drinks,bandeja,/bandexa/,exact
Food and Drinks,maridaje,,missing
Food and Drinks,sazonar,/saθonaɾ/,exact
Food and Drinks,marinar,/maɾinaɾ/,exact
House and Furniture,casa,/kasa/,exact
House and Furniture,apartamento,/apaɾtamento/,exact
House and Furniture,puerta,/pweɾta/,exact
House and Furniture,ventana,/bentana/,exact
House and Furniture,techo,/tetʃo/,exact
House and Furniture,pared,/paɾeð/,exact
House and Furniture,piso,/piso/,exact
House and Furniture,escalera,/eskaleɾa/,exact
House and Furniture,puerta principal,/pweɾta pɾinθipal/,composed
House and Furniture,llave,/ʎaβe/,exact
House and Furniture,sala,/sala/,exact
House and Furniture,cocina,/koθina/,exact
House and Furniture,comedor,/komeðoɾ/,exact
House and Furniture,dormitorio,/doɾmitoɾjo/,exact
House and Furniture,baño,/baɲo/,exact
House and Furniture,sofá,/soˈfa/,exact
House and Furniture,silla,/siʎa/,exact
House and Furniture,mesa,/mesa/,exact
House and Furniture,cama,/kama/,exact
House and Furniture,armario,/aɾmaɾjo/,exact
House and Furniture,espejo,/espexo/,exact
House and Furniture,cortina,/koɾtina/,exact
House and Furniture,alfombra,/alfombɾa/,exact
House and Furniture,lámpara,/ˈlampaɾa/,exact
House and Furniture,estantería,/estanteˈɾia/,exact
House and Furniture,cajón,/kaˈxon/,exact
House and Furniture,escritorio,/eskɾitoɾjo/,exact
House and Furniture,televisor,/teleβisoɾ/,exact
House and Furniture,chimenea,/tʃimenea/,exact
House and Furniture,frigorífico,/fɾiɣoˈɾifiko/,exact
House and Furniture,microondas,/mikɾoondas/,exact
House and Furniture,horno,/oɾno/,exact
House and Furniture,lavadora,/laβaðoɾa/,exact
House and Furniture,secadora,,missing
House and Furniture,lavavajillas,/laβaβaxiʎas/,exact
House and Furniture,fregadero,/fɾeɣaðeɾo/,exact
House and Furniture,grifo,/gɾifo/,exact
House and Furniture,inodoro,/inoðoɾo/,exact
House and Furniture,ducha,/dutʃa/,exact
House and Furniture,toalla,/toaʎa/,exact
House and Furniture,jabón,/xaˈβon/,exact
House and Furniture,papel higiénico,/papel iˈxjeniko/,composed
House and Furniture,escalón,/eskaˈlon/,exact
House and Furniture,cubo,/kuβo/,exact
House and Furniture,escoba,/eskoβa/,exact
House and Furniture,trapeador,,missing
House and Furniture,sillón,/siˈʎon/,exact
House and Furniture,taburete,/taβuɾete/,exact
House and Furniture,perchero,/peɾtʃeɾo/,exact
House and Furniture,almohada,/almoaða/,exact
House and Furniture,manta,/manta/,exact
House and Furniture,colchón,/koˈltʃon/,exact
House and Furniture,sábana,/ˈsaβana/,exact
House and Furniture,persiana,/peɾsjana/,exact
House and Furniture,ventilador,/bentilaðoɾ/,exact
House and Furniture,radiador,/raðjaðoɾ/,exact
House and Furniture,interruptor,/interuptoɾ/,exact
House and Furniture,enchufe,/eɲtʃufe/,exact
House and Furniture,tendedero,/tendeðeɾo/,exact
House and Furniture,plancha,/plaɲtʃa/,exact
House and Furniture,basura,/basuɾa/,exact
House and Furniture,ventanal,/bentanal/,exact
House and Furniture,pasillo,/pasiʎo/,exact
House and Furniture,trastero,/tɾasteɾo/,exact
House and Furniture,desván,/deˈsβan/,exact
House and Furniture,cimientos,/θimjentos/,exact
Family and Relationships,madre,/maðɾe/,exact
Family and Relationships,padre,/paðɾe/,exact
Family and Relationships,hermana,/eɾmana/,exact
Family and Relationships,hermano,/eɾmano/,exact
Family and Relationships,abuela,/aβwela/,exact
Family and Relationships,abuelo,/aβwelo/,exact
Family and Relationships,tía,/ˈtia/,exact
Family and Relationships,tío,/ˈtio/,exact
Family and Relationships,prima,/pɾima/,exact
Family and Relationships,primo,/pɾimo/,exact
Family and Relationships,esposa,/esposa/,exact
Family and Relationships,esposo,/esposo/,exact
Family and Relationships,hija,/ixa/,exact
Family and Relationships,hijo,/ixo/,exact
Family and Relationships,niña,/niɲa/,exact
Family and Relationships,niño,/niɲo/,exact
Family and Relationships,nieto,/njeto/,exact
Family and Relationships,nieta,/njeta/,exact
Family and Relationships,yerno,/ʝeɾno/,exact
Family and Relationships,nuera,/nweɾa/,exact
Family and Relationships,suegro,/sweɣɾo/,exact
Family and Relationships,suegra,/sweɣɾa/,exact
Family and Relationships,cuñado,/kuɲaðo/,exact
Family and Relationships,cuñada,/kuɲaða/,exact
Family and Relationships,familia,/familja/,exact
Family and Relationships,madrastra,/maðɾastɾa/,exact
Family and Relationships,padrastro,/paðɾastɾo/,exact
Family and Relationships,hermanastro,/eɾmanastɾo/,exact
Family and Relationships,hermanastra,/eɾmanastɾa/,exact
Family and Relationships,pareja,/paɾexa/,exact
Family and Relationships,novio,/noβjo/,exact
Family and Relationships,novia,/noβja/,exact
Family and Relationships,amigo,/amiɣo/,exact
Family and Relationships,conocido,/konoθiðo/,exact
Family and Relationships,vecino,/beθino/,exact
Family and Relationships,compañero,/kompaɲeɾo/,exact
Family and Relationships,madre soltera,/maðɾe solteɾa/,composed
Family and Relationships,padre soltero,/paðɾe solteɾo/,composed
Family and Relationships,adoptado,/aðoptaðo/,exact
Family and Relationships,gemelo,/xemelo/,exact
Family and Relationships,esposos,/esposos/,exact
Family and Relationships,familia política,/familja poˈlitika/,composed
Family and Relationships,hijo único,/ixo ˈuniko/,composed
Family and Relationships,tatarabuela,/tataɾaβwela/,exact
Family and Relationships,tatarabuelo,/tataɾaβwelo/,exact
Family and Relationships,sobrino,/soβɾino/,exact
Family and Relationships,sobrina,/soβɾina/,exact
Family and Relationships,bisabuelo,/bisaβwelo/,exact
Family and Relationships,bisabuela,/bisaβwela/,exact
Family and Relationships,bisnieto,/biznjeto/,exact
Family and Relationships,bisnieta,/biznjeta/,exact
Family and Relationships,pariente,/paɾjente/,exact
Family and Relationships,descendiente,/desθendjente/,exact
Family and Relationships,antepasado,/antepasaðo/,exact
Family and Relationships,padrino,/paðɾino/,exact
Family and Relationships,madrina,/maðɾina/,exact
Family and Relationships,ahijado,/aixaðo/,exact
Family and Relationships,ahijada,/aixaða/,exact
Family and Relationships,prometido,/pɾometiðo/,exact
Family and Relationships,prometida,/pɾometiða/,exact
Family and Relationships,exnovio,,missing
Family and Relationships,exnovia,,missing
Family and Relationships,expareja,,missing
Family and Relationships,viudo,/bjuðo/,exact
Family and Relationships,viuda,/bjuða/,exact
Family and Relationships,divorciado,/diβoɾθjaðo/,exact
Family and Relationships,soltero,/solteɾo/,exact
Family and Relationships,casado,/kasaðo/,exact
Family and Relationships,separado,/sepaɾaðo/,exact
Family and Relationships,mejor amigo,/mexoɾ amiɣo/,composed
Family and Relationships,amistad,/amistað/,exact
Family and Relationships,relación,/relaˈθjon/,exact
Family and Relationships,matrimonio,/matɾimonjo/,exact
Family and Relationships,boda,/boða/,exact
Family and Relationships,compromiso,/kompɾomiso/,exact
Family and Relationships,luna de miel,/luna de mjel/,composed
Family and Relationships,aniversario,/aniβeɾsaɾjo/,exact
Family and Relationships,embarazada,/embaɾaθaða/,exact
Family and Relationships,recién nacido,/reˈθjen naθiðo/,composed
Family and Relationships,adolescente,/aðolesθente/,exact
Family and Relationships,adulto,/aðulto/,exact
Family and Relationships,anciano,/anθjano/,exact
Family and Relationships,criar,/kɾjaɾ/,exact
Family and Relationships,cuidar,/kwiðaɾ/,exact
Family and Relationships,convivir,/kombiβiɾ/,exact
Family and Relationships,llevarse bien,/ʎeβaɾse bjen/,composed
Family and Relationships,pelearse,/peleaɾse/,exact
Family and Relationships,reconciliarse,/rekonθiljaɾse/,exact
Family and Relationships,divorciarse,/diβoɾθjaɾse/,exact
Family and Relationships,casarse,/kasaɾse/,exact
Family and Relationships,comprometerse,/kompɾometeɾse/,exact
Family and Relationships,mudarse,/muðaɾse/,exact
Family and Relationships,hombre,/ombɾe/,exact
Family and Relationships,mujer,/muxeɾ/,exact
Family and Relationships,persona,/peɾsona/,exact
Nature and Weather,fuego,/fweɣo/,exact
Nature and Weather,aire,/aiɾe/,exact
Nature and Weather,tierra,/tjera/,exact
Nature and Weather,sol,/sol/,exact
Nature and Weather,luna,/luna/,exact
Nature and Weather,estrella,/estɾeʎa/,exact
Nature and Weather,nube,/nuβe/,exact
Nature and Weather,viento,/bjento/,exact
Nature and Weather,lluvia,/ʎuβja/,exact
Nature and Weather,tormenta,/toɾmenta/,exact
Nature and Weather,niebla,/njeβla/,exact
Nature and Weather,relámpago,/reˈlampaɣo/,exact
Nature and Weather,trueno,/tɾweno/,exact
Nature and Weather,nieve,/njeβe/,exact
Nature and Weather,calor,/kaloɾ/,exact
Nature and Weather,humedad,/umeðað/,exact
Nature and Weather,huracán,/uɾaˈkan/,exact
Nature and Weather,tornado,/toɾnaðo/,exact
Nature and Weather,desierto,/desjeɾto/,exact
Nature and Weather,selva,/selβa/,exact
Nature and Weather,bosque,/boske/,exact
Nature and Weather,montaña,/montaɲa/,exact
Nature and Weather,valle,/baʎe/,exact
Nature and Weather,río,/ˈrio/,exact
Nature and Weather,lago,/laɣo/,exact
Nature and Weather,océano,/oˈθeano/,exact
Nature and Weather,mar,/maɾ/,exact
Nature and Weather,playa,/plaʝa/,exact
Nature and Weather,isla,/izla/,exact
Nature and Weather,roca,/roka/,exact
Nature and Weather,arena,/aɾena/,exact
Nature and Weather,campo,/kampo/,exact
Nature and Weather,pradera,/pɾaðeɾa/,exact
Nature and Weather,finca,/fiŋka/,exact
Nature and Weather,bosque tropical,/boske tɾopikal/,composed
Nature and Weather,aurora boreal,/auɾoɾa boɾeal/,composed
Nature and Weather,ecosistema,/ekosistema/,exact
Nature and Weather,flora,/floɾa/,exact
Nature and Weather,fauna,/fauna/,exact
Nature and Weather,vegetación,/bexetaˈθjon/,exact
Nature and Weather,especies,/espeθjes/,exact
Nature and Weather,animal,/animal/,exact
Nature and Weather,planta,/planta/,exact
Nature and Weather,contaminación,/kontaminaˈθjon/,exact
Nature and Weather,reciclaje,/reθiklaxe/,exact
Nature and Weather,protección,/pɾoteˈkθjon/,exact
Nature and Weather,clima,/klima/,exact
Nature and Weather,tiempo,/tjempo/,exact
Nature and Weather,colina,/kolina/,exact
Nature and Weather,acantilado,/akantilaðo/,exact
Nature and Weather,cascada,/kaskaða/,exact
Nature and Weather,arroyo,/aroʝo/,exact
Nature and Weather,pantano,/pantano/,exact
Nature and Weather,volcán,/boˈlkan/,exact
Nature and Weather,terremoto,/teremoto/,exact
Nature and Weather,inundación,/inundaˈθjon/,exact
Nature and Weather,sequía,/seˈkia/,exact
Nature and Weather,granizo,/gɾaniθo/,exact
Nature and Weather,arcoíris,,missing
Nature and Weather,cielo,/θjelo/,exact
Nature and Weather,horizonte,/oɾiθonte/,exact
Nature and Weather,orilla,/oɾiʎa/,exact
Nature and Weather,cueva,/kweβa/,exact
Nature and Weather,piedra,/pjeðɾa/,exact
Nature and Weather,barro,/baro/,exact
Nature and Weather,hielo,/jelo/,exact
Nature and Weather,glaciar,/glaθjaɾ/,exact
Nature and Weather,continente,/kontinente/,exact
Nature and Weather,planeta,/planeta/,exact
Nature and Weather,universo,/uniβeɾso/,exact
Nature and Weather,galaxia,/galaksja/,exact
Nature and Weather,eclipse,/eklipse/,exact
Nature and Weather,marea,/maɾea/,exact
Nature and Weather,corriente,/korjente/,exact
Nature and Weather,temperatura,/tempeɾatuɾa/,exact
Nature and Weather,grado,/gɾaðo/,exact
Nature and Weather,templado,/templaðo/,exact
Nature and Weather,húmedo,/ˈumeðo/,exact
Nature and Weather,soleado,/soleaðo/,exact
Nature and Weather,nublado,/nuβlaðo/,exact
Nature and Weather,despejado,/despexaðo/,exact
Nature and Weather,ventoso,/bentoso/,exact
Nature and Weather,tropical,/tɾopikal/,exact
Nature and Weather,polar,/polaɾ/,exact
Nature and Weather,árido,/ˈaɾiðo/,exact
Nature and Weather,fértil,/ˈfeɾtil/,exact
Nature and Weather,medioambiente,,missing
Nature and Weather,catástrofe,/kaˈtastɾofe/,exact
Body Parts,cabeza,/kaβeθa/,exact
Body Parts,cara,/kaɾa/,exact
Body Parts,ojo,/oxo/,exact
Body Parts,oreja,/oɾexa/,exact
Body Parts,boca,/boka/,exact
Body Parts,nariz,/naɾiθ/,exact
Body Parts,diente,/djente/,exact
Body Parts,lengua,/leŋgwa/,exact
Body Parts,cuello,/kweʎo/,exact
Body Parts,hombro,/ombɾo/,exact
Body Parts,brazo,/bɾaθo/,exact
Body Parts,mano,/mano/,exact
Body Parts,dedo,/deðo/,exact
Body Parts,pecho,/petʃo/,exact
Body Parts,estómago,/eˈstomaɣo/,exact
Body Parts,abdomen,/aβðomen/,exact
Body Parts,espalda,/espalda/,exact
Body Parts,corazón,/koɾaˈθon/,exact
Body Parts,pulmón,/puˈlmon/,exact
Body Parts,hígado,/ˈiɣaðo/,exact
Body Parts,riñón,/riˈɲon/,exact
Body Parts,intestino,/intestino/,exact
Body Parts,cintura,/θintuɾa/,exact
Body Parts,pierna,/pjeɾna/,exact
Body Parts,rodilla,/roðiʎa/,exact
Body Parts,pie,/pje/,exact
Body Parts,dedos del pie,/deðos del pje/,composed
Body Parts,piel,/pjel/,exact
Body Parts,cabello,/kaβeʎo/,exact
Body Parts,uña,/uɲa/,exact
Body Parts,cuerpo,/kweɾpo/,exact
Body Parts,mente,/mente/,exact
Body Parts,cerebro,/θeɾeβɾo/,exact
Body Parts,hueso,/weso/,exact
Body Parts,sangre,/saŋgɾe/,exact
Body Parts,músculo,/ˈmuskulo/,exact
Body Parts,pulgar,/pulgaɾ/,exact
Body Parts,sistema nervioso,/sistema neɾβjoso/,composed
Body Parts,sistema inmunológico,,missing
Body Parts,frente,/fɾente/,exact
Body Parts,mejilla,/mexiʎa/,exact
Body Parts,mentón,/menˈton/,exact
Body Parts,ceja,/θexa/,exact
Body Parts,pestaña,/pestaɲa/,exact
Body Parts,párpado,/ˈpaɾpaðo/,exact
Body Parts,labio,/laβjo/,exact
Body Parts,mandíbula,/manˈdiβula/,exact
Body Parts,garganta,/gaɾɣanta/,exact
Body Parts,muñeca,/muɲeka/,exact
Body Parts,codo,/koðo/,exact
Body Parts,axila,/aksila/,exact
Body Parts,tobillo,/toβiʎo/,exact
Body Parts,muslo,/muzlo/,exact
Body Parts,pantorrilla,/pantoriʎa/,exact
Body Parts,cadera,/kaðeɾa/,exact
Body Parts,ombligo,/ombliɣo/,exact
Body Parts,costilla,/kostiʎa/,exact
Body Parts,columna vertebral,/kolumna beɾteβɾal/,composed
Body Parts,palma de la mano,/palma de la mano/,composed
Body Parts,puño,/puɲo/,exact
Body Parts,talón,/taˈlon/,exact
Body Parts,planta del pie,/planta del pje/,composed
Body Parts,vello,/beʎo/,exact
Body Parts,barba,/baɾβa/,exact
Body Parts,bigote,/biɣote/,exact
Body Parts,calvo,/kalβo/,exact
Body Parts,estatura,/estatuɾa/,exact
Health and Medical Care,enfermedad,/emfeɾmeðað/,exact
Health and Medical Care,salud,/saluð/,exact
Health and Medical Care,bienestar,/bjenestaɾ/,exact
Health and Medical Care,dolor,/doloɾ/,exact
Health and Medical Care,fiebre,/fjeβɾe/,exact
Health and Medical Care,resfriado,/resfɾjaðo/,exact
Health and Medical Care,gripe,/gɾipe/,exact
Health and Medical Care,grietas,/gɾjetas/,exact
Health and Medical Care,contusión,/kontuˈsjon/,exact
Health and Medical Care,herida,/eɾiða/,exact
Health and Medical Care,fractura,/fɾaktuɾa/,exact
Health and Medical Care,quemadura,/kemaðuɾa/,exact
Health and Medical Care,consulta,/konsulta/,exact
Health and Medical Care,doctor,/doktoɾ/,exact
Health and Medical Care,enfermera,/emfeɾmeɾa/,exact
Health and Medical Care,medicina,/meðiθina/,exact
Health and Medical Care,vacuna,/bakuna/,exact
Health and Medical Care,tratamiento,/tɾatamjento/,exact
Health and Medical Care,cirugía,/θiɾuˈxia/,exact
Health and Medical Care,receta,/reθeta/,exact
Health and Medical Care,síntoma,/ˈsintoma/,exact
Health and Medical Care,diagnóstico,/djaɣˈnostiko/,exact
Health and Medical Care,análisis de sangre,/aˈnalisis de saŋgɾe/,composed
Health and Medical Care,radiografía,/raðjoɣɾaˈfia/,exact
Health and Medical Care,cita médica,/θita ˈmeðika/,composed
Health and Medical Care,hospital,/ospital/,exact
Health and Medical Care,clínica,/ˈklinika/,exact
Health and Medical Care,urgencias,/uɾxenθjas/,exact
Health and Medical Care,ambulancia,/ambulanθja/,exact
Health and Medical Care,camilla,/kamiʎa/,exact
Health and Medical Care,sala de espera,/sala de espeɾa/,composed
Health and Medical Care,pastilla,/pastiʎa/,exact
Health and Medical Care,jarabe,/xaɾaβe/,exact
Health and Medical Care,inyección,/iɲʝeˈkθjon/,exact
Health and Medical Care,venda,/benda/,exact
Health and Medical Care,tirita,/tiɾita/,exact
Health and Medical Care,yeso,/ʝeso/,exact
Health and Medical Care,muleta,/muleta/,exact
Health and Medical Care,silla de ruedas,/siʎa de rweðas/,composed
Health and Medical Care,alergia,/aleɾxja/,exact
Health and Medical Care,asma,/azma/,exact
Health and Medical Care,diabetes,/djaβetes/,exact
Health and Medical Care,presión arterial,/pɾeˈsjon aɾteɾjal/,composed
Health and Medical Care,mareo,/maɾeo/,exact
Health and Medical Care,náusea,/ˈnausea/,exact
Health and Medical Care,tos,/tos/,exact
Health and Medical Care,estornudo,/estoɾnuðo/,exact
Health and Medical Care,infección,/imfeˈkθjon/,exact
Health and Medical Care,virus,/biɾus/,exact
Health and Medical Care,contagioso,/kontaxjoso/,exact
Health and Medical Care,embarazo,/embaɾaθo/,exact
Health and Medical Care,discapacidad,/diskapaθiðað/,exact
Health and Medical Care,seguro médico,/seɣuɾo ˈmeðiko/,composed
Health and Medical Care,farmacéutico,/faɾmaˈθeutiko/,exact
Health and Medical Care,cirujano,/θiɾuxano/,exact
Health and Medical Care,enfermarse,,missing
Health and Medical Care,recuperarse,/rekupeɾaɾse/,exact
Health and Medical Care,curar,/kuɾaɾ/,exact
Health and Medical Care,operar,/opeɾaɾ/,exact
Health and Medical Care,vendar,/bendaɾ/,exact
Health and Medical Care,recetar,/reθetaɾ/,exact
Health and Medical Care,toser,/toseɾ/,exact
Health and Medical Care,estornudar,/estoɾnuðaɾ/,exact
Health and Medical Care,desmayarse,/dezmaʝaɾse/,exact
Health and Medical Care,respirar,/respiɾaɾ/,exact
Health and Medical Care,anestesia,/anestesja/,exact
Health and Medical Care,recaída,/rekaˈiða/,exact
Health and Medical Care,secuela,/sekwela/,exact
Professions and Occupations,abogado,/aβoɣaðo/,exact
Professions and Occupations,arquitecto,/aɾkitekto/,exact
Professions and Occupations,ingeniero,/iŋxenjeɾo/,exact
Professions and Occupations,médico,/ˈmeðiko/,exact
Professions and Occupations,enfermero,/emfeɾmeɾo/,exact
Professions and Occupations,profesor,/pɾofesoɾ/,exact
Professions and Occupations,estudiante,/estuðjante/,exact
Professions and Occupations,juez,/xweθ/,exact
Professions and Occupations,científico,/θjenˈtifiko/,exact
Professions and Occupations,psicólogo,/psiˈkoloɣo/,exact
Professions and Occupations,dentista,/dentista/,exact
Professions and Occupations,veterinario,/beteɾinaɾjo/,exact
Professions and Occupations,fotógrafo,/foˈtoɣɾafo/,exact
Professions and Occupations,chef,,missing
Professions and Occupations,cocinero,/koθineɾo/,exact
Professions and Occupations,contador,/kontaðoɾ/,exact
Professions and Occupations,banquero,/baŋkeɾo/,exact
Professions and Occupations,traductor,/tɾaðuktoɾ/,exact
Professions and Occupations,programador,/pɾoɣɾamaðoɾ/,exact
Professions and Occupations,obrero,/oβɾeɾo/,exact
Professions and Occupations,electricista,/elektɾiθista/,exact
Professions and Occupations,fontanero,/fontaneɾo/,exact
Professions and Occupations,carpintero,/kaɾpinteɾo/,exact
Professions and Occupations,director,/diɾektoɾ/,exact
Professions and Occupations,gerente,/xeɾente/,exact
Professions and Occupations,secretario,/sekɾetaɾjo/,exact
Professions and Occupations,bailarín,/bailaˈɾin/,exact
Professions and Occupations,cantante,/kantante/,exact
Professions and Occupations,actor,/aktoɾ/,exact
Professions and Occupations,actriz,/aktɾiθ/,exact
Professions and Occupations,escritor,/eskɾitoɾ/,exact
Professions and Occupations,pintor,/pintoɾ/,exact
Professions and Occupations,diseñador,/diseɲaðoɾ/,exact
Professions and Occupations,soldador,/soldaðoɾ/,exact
Professions and Occupations,agricultor,/aɣɾikultoɾ/,exact
Professions and Occupations,jardinero,/xaɾðineɾo/,exact
Professions and Occupations,pastor,/pastoɾ/,exact
Professions and Occupations,pescador,/peskaðoɾ/,exact
Professions and Occupations,panadero,/panaðeɾo/,exact
Professions and Occupations,carnicero,/kaɾniθeɾo/,exact
Professions and Occupations,cajero,/kaxeɾo/,exact
Professions and Occupations,taxista,/taksista/,exact
Professions and Occupations,conductor,/konduktoɾ/,exact
Professions and Occupations,peluquero,/pelukeɾo/,exact
Professions and Occupations,masajista,/masaxista/,exact
Professions and Occupations,técnico,/ˈtekniko/,exact
Professions and Occupations,policía,/poliˈθia/,exact
Professions and Occupations,bombero,/bombeɾo/,exact
Professions and Occupations,militar,/militaɾ/,exact
Professions and Occupations,piloto,/piloto/,exact
Professions and Occupations,auxiliar de vuelo,/auksiljaɾ de bwelo/,composed
Professions and Occupations,empresario,/empɾesaɾjo/,exact
Professions and Occupations,emprendedor,/empɾendeðoɾ/,exact
Professions and Occupations,funcionario,/funθjonaɾjo/,exact
Professions and Occupations,político,/poˈlitiko/,exact
Professions and Occupations,periodista,/peɾjoðista/,exact
Professions and Occupations,locutor,/lokutoɾ/,exact
Professions and Occupations,modelo,/moðelo/,exact
Professions and Occupations,músico,/ˈmusiko/,exact
Professions and Occupations,compositor,/kompositoɾ/,exact
Professions and Occupations,albañil,/alβaɲil/,exact
Professions and Occupations,mecánico,/meˈkaniko/,exact
Professions and Occupations,sastre,/sastɾe/,exact
Professions and Occupations,costurera,/kostuɾeɾa/,exact
Professions and Occupations,florista,/floɾista/,exact
Professions and Occupations,recepcionista,,missing
Professions and Occupations,guardia de seguridad,/gwaɾðja de seɣuɾiðað/,composed
Professions and Occupations,bibliotecario,/biβljotekaɾjo/,exact
Professions and Occupations,notario,/notaɾjo/,exact
Professions and Occupations,asistente social,/asistente soθjal/,composed
Professions and Occupations,terapeuta,/teɾapeuta/,exact
Professions and Occupations,nutricionista,,missing
Professions and Occupations,informático,/imfoˈɾmatiko/,exact
Professions and Occupations,analista,/analista/,exact
Professions and Occupations,consultor,/konsultoɾ/,exact
Professions and Occupations,investigador,/imbestiɣaðoɾ/,exact
Professions and Occupations,inversor,/imbeɾsoɾ/,exact
Professions and Occupations,vendedor ambulante,/bendeðoɾ ambulante/,composed
Professions and Occupations,repartidor,/repaɾtiðoɾ/,exact
Professions and Occupations,niñera,/niɲeɾa/,exact
Professions and Occupations,ama de casa,/ama de kasa/,composed
Work and Office Life,oficina,/ofiθina/,exact
Work and Office Life,empresa,/empɾesa/,exact
Work and Office Life,jefe,/xefe/,exact
Work and Office Life,empleado,/empleaðo/,exact
Work and Office Life,compañero de trabajo,/kompaɲeɾo de tɾaβaxo/,composed
Work and Office Life,reunión,/reunˈjon/,exact
Work and Office Life,cita de negocios,/θita de neɣoθjos/,composed
Work and Office Life,currículum,/kuˈrikulum/,exact
Work and Office Life,entrevista de trabajo,/entɾeβista de tɾaβaxo/,composed
Work and Office Life,contrato,/kontɾato/,exact
Work and Office Life,sueldo,/sweldo/,exact
Work and Office Life,nómina,/ˈnomina/,exact
Work and Office Life,horario laboral,/oɾaɾjo laβoɾal/,composed
Work and Office Life,turno,/tuɾno/,exact
Work and Office Life,vacaciones pagadas,/bakaθjones paɣaðas/,composed
Work and Office Life,baja por enfermedad,/baxa poɾ emfeɾmeðað/,composed
Work and Office Life,despido,/despiðo/,exact
Work and Office Life,renuncia,/renunθja/,exact
Work and Office Life,jubilación,/xuβilaˈθjon/,exact
Work and Office Life,ascenso,/asθenso/,exact
Work and Office Life,meta,/meta/,exact
Work and Office Life,proyecto,/pɾoʝekto/,exact
Work and Office Life,plazo,/plaθo/,exact
Work and Office Life,informe,/imfoɾme/,exact
Work and Office Life,presentación,/pɾesentaˈθjon/,exact
Work and Office Life,correo de trabajo,/koreo de tɾaβaxo/,composed
Work and Office Life,llamada,/ʎamaða/,exact
Work and Office Life,equipo de trabajo,/ekipo de tɾaβaxo/,composed
Work and Office Life,negocio,/neɣoθjo/,exact
Work and Office Life,startup,,missing
Work and Office Life,sucursal,/sukuɾsal/,exact
Work and Office Life,departamento,/depaɾtamento/,exact
Work and Office Life,recursos humanos,/rekuɾsos umanos/,composed
Work and Office Life,solicitud de empleo,/soliθituð de empleo/,composed
Work and Office Life,experiencia laboral,/ekspeɾjenθja laβoɾal/,composed
Work and Office Life,habilidad,/aβiliðað/,exact
Work and Office Life,carrera profesional,/kareɾa pɾofesjonal/,composed
Work and Office Life,trabajo a tiempo completo,/tɾaβaxo a tjempo kompleto/,composed
Work and Office Life,trabajo a tiempo parcial,/tɾaβaxo a tjempo paɾθjal/,composed
Work and Office Life,teletrabajo,,missing
Work and Office Life,autónomo,/auˈtonomo/,exact
Work and Office Life,sindicato,/sindikato/,exact
Work and Office Life,huelga,/welga/,exact
Work and Office Life,impuesto,/impwesto/,exact
Work and Office Life,contratar,/kontɾataɾ/,exact
Work and Office Life,despedir,/despeðiɾ/,exact
Work and Office Life,renunciar,/renunθjaɾ/,exact
Work and Office Life,jubilarse,/xuβilaɾse/,exact
Work and Office Life,solicitar,/soliθitaɾ/,exact
Work and Office Life,ascender,/asθendeɾ/,exact
Work and Office Life,dirigir,/diɾixiɾ/,exact
Work and Office Life,colaborar,/kolaβoɾaɾ/,exact
Work and Office Life,negociar,/neɣoθjaɾ/,exact
Work and Office Life,trabajo,/tɾaβaxo/,exact
Hobbies and Entertainment,lectura,/lektuɾa/,exact
Hobbies and Entertainment,música,/ˈmusika/,exact
Hobbies and Entertainment,cine,/θine/,exact
Hobbies and Entertainment,película,/peˈlikula/,exact
Hobbies and Entertainment,serie,/seɾje/,exact
Hobbies and Entertainment,teatro,/teatɾo/,exact
Hobbies and Entertainment,guitarra,/gitara/,exact
Hobbies and Entertainment,piano,/pjano/,exact
Hobbies and Entertainment,violín,/bjoˈlin/,exact
Hobbies and Entertainment,batería,/bateˈɾia/,exact
Hobbies and Entertainment,cómics,,missing
Hobbies and Entertainment,dibujar,/diβuxaɾ/,exact
Hobbies and Entertainment,pintura,/pintuɾa/,exact
Hobbies and Entertainment,fotografía,/fotoɣɾaˈfia/,exact
Hobbies and Entertainment,coleccionar,/kolekθjonaɾ/,exact
Hobbies and Entertainment,videojuegos,,missing
Hobbies and Entertainment,puzzle,,missing
Hobbies and Entertainment,escalar,/eskalaɾ/,exact
Hobbies and Entertainment,pescar,/peskaɾ/,exact
Hobbies and Entertainment,camping,,missing
Hobbies and Entertainment,cocinar,/koθinaɾ/,exact
Hobbies and Entertainment,hornear,/oɾneaɾ/,exact
Hobbies and Entertainment,jardinería,/xaɾðineˈɾia/,exact
Hobbies and Entertainment,meditar,/meðitaɾ/,exact
Hobbies and Entertainment,esnórquel,,missing
Hobbies and Entertainment,bingo,/biŋgo/,exact
Hobbies and Entertainment,rompecabezas,/rompekaβeθas/,exact
Hobbies and Entertainment,espectáculo,/espeˈktakulo/,exact
Hobbies and Entertainment,circo,/θiɾko/,exact
Hobbies and Entertainment,magia,/maxja/,exact
Hobbies and Entertainment,tropezar,/tɾopeθaɾ/,exact
Hobbies and Entertainment,poesía,/poeˈsia/,exact
Hobbies and Entertainment,museo,/museo/,exact
Hobbies and Entertainment,concierto,/konθjeɾto/,exact
Hobbies and Entertainment,comedia,/komeðja/,exact
Hobbies and Entertainment,dibujo,/diβuxo/,exact
Hobbies and Entertainment,baile,/baile/,exact
Hobbies and Entertainment,canto,/kanto/,exact
Hobbies and Entertainment,actuación,/aktwaˈθjon/,exact
Hobbies and Entertainment,dominó,/domiˈno/,exact
Hobbies and Entertainment,cartas,/kaɾtas/,exact
Hobbies and Entertainment,afición,/afiˈθjon/,exact
Hobbies and Entertainment,pasatiempo,/pasatjempo/,exact
Hobbies and Entertainment,tiempo libre,/tjempo liβɾe/,composed
Hobbies and Entertainment,entretenimiento,/entɾetenimjento/,exact
Hobbies and Entertainment,ocio,/oθjo/,exact
Hobbies and Entertainment,costura,/kostuɾa/,exact
Hobbies and Entertainment,tejer,/texeɾ/,exact
Hobbies and Entertainment,bricolaje,/bɾikolaxe/,exact
Hobbies and Entertainment,manualidades,,missing
Hobbies and Entertainment,cerámica,/θeˈɾamika/,exact
Hobbies and Entertainment,escultura,/eskultuɾa/,exact
Hobbies and Entertainment,origami,,missing
Hobbies and Entertainment,álbum,/ˈalβum/,exact
Hobbies and Entertainment,canción,/kanˈθjon/,exact
Hobbies and Entertainment,banda,/banda/,exact
Hobbies and Entertainment,orquesta,/oɾkesta/,exact
Hobbies and Entertainment,coro,/koɾo/,exact
Hobbies and Entertainment,ensayo,/ensaʝo/,exact
Hobbies and Entertainment,entrada,/entɾaða/,exact
Hobbies and Entertainment,festival,/festiβal/,exact
Hobbies and Entertainment,exposición,/eksposiˈθjon/,exact
Hobbies and Entertainment,galería de arte,/galeˈɾia de aɾte/,composed
Hobbies and Entertainment,novela,/noβela/,exact
Hobbies and Entertainment,revista,/reβista/,exact
Hobbies and Entertainment,cuento,/kwento/,exact
Hobbies and Entertainment,autor,/autoɾ/,exact
Hobbies and Entertainment,club de lectura,/kluβ de lektuɾa/,composed
Hobbies and Entertainment,crucigrama,/kɾuθiɣɾama/,exact
Hobbies and Entertainment,sudoku,,missing
Hobbies and Entertainment,apuesta,/apwesta/,exact
Hobbies and Entertainment,naipes,/naipes/,exact
Hobbies and Entertainment,entretenido,/entɾeteniðo/,exact
Hobbies and Entertainment,aburrimiento,/aβurimjento/,exact
Hobbies and Entertainment,relajarse,/relaxaɾse/,exact
Hobbies and Entertainment,divertirse,/diβeɾtiɾse/,exact
Hobbies and Entertainment,distraerse,/distɾaeɾse/,exact
Hobbies and Entertainment,entretenerse,/entɾeteneɾse/,exact
Hobbies and Entertainment,aficionarse a,/afiθjonaɾse a/,composed
Hobbies and Entertainment,podcast,,missing
Hobbies and Entertainment,entrevista,/entɾeβista/,exact
Hobbies and Entertainment,guion,,missing
Hobbies and Entertainment,escenario,/esθenaɾjo/,exact
Hobbies and Entertainment,público,/ˈpuβliko/,exact
Hobbies and Entertainment,aplauso,/aplauso/,exact
Hobbies and Entertainment,taller,/taʎeɾ/,exact
Hobbies and Entertainment,clase particular,/klase paɾtikulaɾ/,composed
Hobbies and Entertainment,acampar,/akampaɾ/,exact
Hobbies and Entertainment,hoguera,/oɣeɾa/,exact
Sports and Activities,fútbol,/ˈfutβol/,exact
Sports and Activities,baloncesto,/balonθesto/,exact
Sports and Activities,béisbol,/ˈbeizβol/,exact
Sports and Activities,tenis,/tenis/,exact
Sports and Activities,vóleibol,,missing
Sports and Activities,natación,/nataˈθjon/,exact
Sports and Activities,gimnasia,/ximnasja/,exact
Sports and Activities,atletismo,/atletizmo/,exact
Sports and Activities,esgrima,/ezɣɾima/,exact
Sports and Activities,halterofilia,,missing
Sports and Activities,boxeo,/bokseo/,exact
Sports and Activities,karate,,missing
Sports and Activities,judo,,missing
Sports and Activities,esquí,/eˈski/,exact
Sports and Activities,snowboard,,missing
Sports and Activities,surf,,missing
Sports and Activities,skateboard,,missing
Sports and Activities,senderismo,,missing
Sports and Activities,alpinismo,/alpinizmo/,exact
Sports and Activities,ciclismo,/θiklizmo/,exact
Sports and Activities,patinaje,/patinaxe/,exact
Sports and Activities,motociclismo,,missing
Sports and Activities,golf,/golf/,exact
Sports and Activities,hípica,/ˈipika/,exact
Sports and Activities,rugby,,missing
Sports and Activities,críquet,,missing
Sports and Activities,hockey,,missing
Sports and Activities,polo,/polo/,exact
Sports and Activities,bádminton,,missing
Sports and Activities,tenis de mesa,/tenis de mesa/,composed
Sports and Activities,pesca,/peska/,exact
Sports and Activities,caza,/kaθa/,exact
Sports and Activities,remo,/remo/,exact
Sports and Activities,piragüismo,,missing
Sports and Activities,kayak,,missing
Sports and Activities,buceo,/buθeo/,exact
Sports and Activities,paracaidismo,/paɾakaiðizmo/,exact
Sports and Activities,tiro,/tiɾo/,exact
Sports and Activities,tiro con arco,/tiɾo kon aɾko/,composed
Sports and Activities,escalada,/eskalaða/,exact
Sports and Activities,parapente,,missing
Sports and Activities,ajedrez,/axeðɾeθ/,exact
Sports and Activities,yoga,,missing
Sports and Activities,meditación,/meðitaˈθjon/,exact
Sports and Activities,zumba,/θumba/,exact
Sports and Activities,pilates,,missing
Sports and Activities,saltar,/saltaɾ/,exact
Sports and Activities,jugar,/xuɣaɾ/,exact
Sports and Activities,entrenar,/entɾenaɾ/,exact
Sports and Activities,competir,/kompetiɾ/,exact
Sports and Activities,equipamiento,/ekipamjento/,exact
Sports and Activities,balón,/baˈlon/,exact
Sports and Activities,pista,/pista/,exact
Sports and Activities,raqueta,/raketa/,exact
Sports and Activities,portero,/poɾteɾo/,exact
Sports and Activities,árbitro,/ˈaɾβitɾo/,exact
Sports and Activities,carrera,/kareɾa/,exact
Sports and Activities,campeonato,/kampeonato/,exact
Sports and Activities,torneo,/toɾneo/,exact
Sports and Activities,trofeo,/tɾofeo/,exact
Sports and Activities,medalla,/meðaʎa/,exact
Sports and Activities,entrenador,/entɾenaðoɾ/,exact
Sports and Activities,aficionado,/afiθjonaðo/,exact
Sports and Activities,equipo,/ekipo/,exact
Sports and Activities,estrategia,/estɾatexja/,exact
Sports and Activities,descalificación,/deskalifikaˈθjon/,exact
Sports and Activities,desempate,/desempate/,exact
Sports and Activities,lesión,/leˈsjon/,exact
Travel and Transportation,viaje,/bjaxe/,exact
Travel and Transportation,destino,/destino/,exact
Travel and Transportation,vacaciones,/bakaθjones/,exact
Travel and Transportation,turismo,/tuɾizmo/,exact
Travel and Transportation,excursión,/ekskuˈɾsjon/,exact
Travel and Transportation,guía turístico,/ˈgia tuˈɾistiko/,composed
Travel and Transportation,billete,/biʎete/,exact
Travel and Transportation,pasaporte,/pasapoɾte/,exact
Travel and Transportation,equipaje,/ekipaxe/,exact
Travel and Transportation,maleta,/maleta/,exact
Travel and Transportation,avión,/aˈβjon/,exact
Travel and Transportation,tren,/tɾen/,exact
Travel and Transportation,autobús,/autoˈβus/,exact
Travel and Transportation,coche,/kotʃe/,exact
Travel and Transportation,bicicleta,/biθikleta/,exact
Travel and Transportation,moto,/moto/,exact
Travel and Transportation,barco,/baɾko/,exact
Travel and Transportation,ferry,,missing
Travel and Transportation,taxi,/taksi/,exact
Travel and Transportation,parada,/paɾaða/,exact
Travel and Transportation,aeropuerto,/aeɾopweɾto/,exact
Travel and Transportation,puerto,/pweɾto/,exact
Travel and Transportation,estación,/estaˈθjon/,exact
Travel and Transportation,terminal,/teɾminal/,exact
Travel and Transportation,subir al avión,/suβiɾ al aˈβjon/,composed
Travel and Transportation,desembarcar,/desembaɾkaɾ/,exact
Travel and Transportation,vuelo,/bwelo/,exact
Travel and Transportation,despegar,/despeɣaɾ/,exact
Travel and Transportation,aterrizar,/ateriθaɾ/,exact
Travel and Transportation,navegar,/naβeɣaɾ/,exact
Travel and Transportation,conducir,/konduθiɾ/,exact
Travel and Transportation,pasajero,/pasaxeɾo/,exact
Travel and Transportation,crucero,/kɾuθeɾo/,exact
Travel and Transportation,moverse,/moβeɾse/,exact
Travel and Transportation,recorrido,/rekoriðo/,exact
Travel and Transportation,itinerario,/itineɾaɾjo/,exact
Travel and Transportation,mapa,/mapa/,exact
Travel and Transportation,combi,,missing
Travel and Transportation,carril,/karil/,exact
Travel and Transportation,peatonal,/peatonal/,exact
Travel and Transportation,tráfico,/ˈtɾafiko/,exact
Travel and Transportation,embotellamiento,,missing
Travel and Transportation,seguridad,/seɣuɾiðað/,exact
Travel and Transportation,tarifa,/taɾifa/,exact
Travel and Transportation,peaje,/peaxe/,exact
Travel and Transportation,alquiler,/alkileɾ/,exact
Travel and Transportation,hotel,/otel/,exact
Travel and Transportation,hostal,/ostal/,exact
Travel and Transportation,reserva,/reseɾβa/,exact
Travel and Transportation,vacante,/bakante/,exact
Travel and Transportation,alojamiento,/aloxamjento/,exact
Travel and Transportation,turista,/tuɾista/,exact
Travel and Transportation,escala,/eskala/,exact
Travel and Transportation,aduana,/aðwana/,exact
Travel and Transportation,visado,/bisaðo/,exact
"City, Places and Directions",calle,/kaʎe/,exact
"City, Places and Directions",avenida,/aβeniða/,exact
"City, Places and Directions",plaza,/plaθa/,exact
"City, Places and Directions",esquina,/eskina/,exact
"City, Places and Directions",acera,/aθeɾa/,exact
"City, Places and Directions",semáforo,/seˈmafoɾo/,exact
"City, Places and Directions",cruce,/kɾuθe/,exact
"City, Places and Directions",paso de peatones,/paso de peatones/,composed
"City, Places and Directions",rotonda,/rotonda/,exact
"City, Places and Directions",barrio,/barjo/,exact
"City, Places and Directions",centro,/θentɾo/,exact
"City, Places and Directions",afuera,/afweɾa/,exact
"City, Places and Directions",edificio,/eðifiθjo/,exact
"City, Places and Directions",rascacielos,/raskaθjelos/,exact
"City, Places and Directions",ayuntamiento,/aʝuntamjento/,exact
"City, Places and Directions",comisaría,/komisaˈɾia/,exact
"City, Places and Directions",bomberos,/bombeɾos/,exact
"City, Places and Directions",iglesia,/iɣlesja/,exact
"City, Places and Directions",templo,/templo/,exact
"City, Places and Directions",mezquita,/meθkita/,exact
"City, Places and Directions",sinagoga,/sinaɣoɣa/,exact
"City, Places and Directions",cementerio,/θementeɾjo/,exact
"City, Places and Directions",parque,/paɾke/,exact
"City, Places and Directions",jardín público,/xaˈɾðin ˈpuβliko/,composed
"City, Places and Directions",plaza mayor,/plaθa maʝoɾ/,composed
"City, Places and Directions",monumento,/monumento/,exact
"City, Places and Directions",estatua,/estatwa/,exact
"City, Places and Directions",puente,/pwente/,exact
"City, Places and Directions",túnel,/ˈtunel/,exact
"City, Places and Directions",autopista,/autopista/,exact
"City, Places and Directions",carretera,/kareteɾa/,exact
"City, Places and Directions",callejón,/kaʎeˈxon/,exact
"City, Places and Directions",dirección,/diɾeˈkθjon/,exact
"City, Places and Directions",señal,/seɲal/,exact
"City, Places and Directions",letrero,/letɾeɾo/,exact
"City, Places and Directions",girar a la derecha,/xiɾaɾ a la deɾetʃa/,composed
"City, Places and Directions",girar a la izquierda,/xiɾaɾ a la iθkjeɾða/,composed
"City, Places and Directions",seguir recto,/seɣiɾ rekto/,composed
"City, Places and Directions",cruzar la calle,/kɾuθaɾ la kaʎe/,composed
"City, Places and Directions",norte,/noɾte/,exact
"City, Places and Directions",sur,/suɾ/,exact
"City, Places and Directions",este,/este/,exact
"City, Places and Directions",oeste,/oeste/,exact
"City, Places and Directions",cerca de,/θeɾka de/,composed
"City, Places and Directions",lejos de,/lexos de/,composed
"City, Places and Directions",al lado de,/al laðo de/,composed
"City, Places and Directions",enfrente de,/emfɾente de/,composed
"City, Places and Directions",alcalde,/alkalde/,exact
"City, Places and Directions",ciudadano,/θjuðaðano/,exact
"City, Places and Directions",biblioteca pública,/biβljoteka ˈpuβlika/,composed
"City, Places and Directions",izquierda,/iθkjeɾða/,exact
"City, Places and Directions",derecha,/deɾetʃa/,exact
"City, Places and Directions",arriba,/ariβa/,exact
"City, Places and Directions",abajo,/aβaxo/,exact
"City, Places and Directions",dentro,/dentɾo/,exact
"City, Places and Directions",fuera,/fweɾa/,exact
"City, Places and Directions",encima,/enθima/,exact
"City, Places and Directions",debajo,/deβaxo/,exact
"City, Places and Directions",delante,/delante/,exact
"City, Places and Directions",detrás,/deˈtɾas/,exact
"City, Places and Directions",aquí,/aˈki/,exact
"City, Places and Directions",allí,/aˈʎi/,exact
"City, Places and Directions",allá,/aˈʎa/,exact
"City, Places and Directions",urbanización,/uɾβaniθaˈθjon/,exact
School and Education,escuela,/eskwela/,exact
School and Education,colegio,/kolexjo/,exact
School and Education,universidad,/uniβeɾsiðað/,exact
School and Education,instituto,/instituto/,exact
School and Education,clase,/klase/,exact
School and Education,asignatura,/asiɣnatuɾa/,exact
School and Education,alumno,/alumno/,exact
School and Education,examen,/eksamen/,exact
School and Education,prueba,/pɾweβa/,exact
School and Education,calificación,/kalifikaˈθjon/,exact
School and Education,libro,/liβɾo/,exact
School and Education,cuaderno,/kwaðeɾno/,exact
School and Education,pizarra,/piθara/,exact
School and Education,borrador,/boraðoɾ/,exact
School and Education,lápiz,/ˈlapiθ/,exact
School and Education,bolígrafo,/boˈliɣɾafo/,exact
School and Education,calculadora,/kalkulaðoɾa/,exact
School and Education,agenda,/axenda/,exact
School and Education,estudio,/estuðjo/,exact
School and Education,tarea,/taɾea/,exact
School and Education,lección,/leˈkθjon/,exact
School and Education,optativa,/optatiβa/,exact
School and Education,tutoría,/tutoˈɾia/,exact
School and Education,biblioteca,/biβljoteka/,exact
School and Education,laboratorio,/laβoɾatoɾjo/,exact
School and Education,graduación,/gɾaðwaˈθjon/,exact
School and Education,diploma,/diploma/,exact
School and Education,matrícula,/maˈtɾikula/,exact
School and Education,curso,/kuɾso/,exact
School and Education,semestre,/semestɾe/,exact
School and Education,sobrevivir,/soβɾeβiβiɾ/,exact
School and Education,repasar,/repasaɾ/,exact
School and Education,estudiar,/estuðjaɾ/,exact
School and Education,leer,/leeɾ/,exact
School and Education,escribir,/eskɾiβiɾ/,exact
School and Education,enseñar,/enseɲaɾ/,exact
School and Education,aprender,/apɾendeɾ/,exact
School and Education,compañero de clase,/kompaɲeɾo de klase/,composed
School and Education,nota,/nota/,exact
School and Education,aprobar,/apɾoβaɾ/,exact
School and Education,suspender,/suspendeɾ/,exact
School and Education,repetir curso,/repetiɾ kuɾso/,composed
School and Education,apuntes,/apuntes/,exact
School and Education,resumen,/resumen/,exact
School and Education,ensayo,/ensaʝo/,exact
School and Education,redacción,/reðaˈkθjon/,exact
School and Education,presentación oral,/pɾesentaˈθjon oɾal/,composed
School and Education,trabajo en grupo,/tɾaβaxo en gɾupo/,composed
School and Education,deberes,/deβeɾes/,exact
School and Education,recreo,/rekɾeo/,exact
School and Education,timbre,/timbɾe/,exact
School and Education,mochila escolar,/motʃila eskolaɾ/,composed
School and Education,estuche,/estutʃe/,exact
School and Education,sacapuntas,,missing
School and Education,regla,/reɣla/,exact
School and Education,tijeras,/tixeɾas/,exact
School and Education,pegamento,/peɣamento/,exact
School and Education,rotulador,/rotulaðoɾ/,exact
School and Education,subrayador,,missing
School and Education,beca,/beka/,exact
School and Education,nota media,/nota meðja/,composed
School and Education,asistencia,/asistenθja/,exact
School and Education,falta (escuela),/falta/,exact
School and Education,expulsión,/ekspuˈlsjon/,exact
School and Education,preescolar,/pɾeeskolaɾ/,exact
School and Education,primaria,/pɾimaɾja/,exact
School and Education,secundaria,/sekundaɾja/,exact
School and Education,bachillerato,/batʃiʎeɾato/,exact
School and Education,posgrado,,missing
School and Education,máster,,missing
School and Education,doctorado,/doktoɾaðo/,exact
School and Education,título,/ˈtitulo/,exact
School and Education,carrera universitaria,/kareɾa uniβeɾsitaɾja/,composed
School and Education,facultad,/fakultað/,exact
School and Education,aula,/aula/,exact
School and Education,plan de estudios,/plan de estuðjos/,composed
School and Education,convalidar,/kombaliðaɾ/,exact
School and Education,erudito,/eɾuðito/,exact
Technology and Communication,tecnología,/teknoloˈxia/,exact
Technology and Communication,computadora,/komputaðoɾa/,exact
Technology and Communication,ordenador,/oɾðenaðoɾ/,exact
Technology and Communication,internet,/inteɾnet/,exact
Technology and Communication,móvil,/ˈmoβil/,exact
Technology and Communication,teléfono,/teˈlefono/,exact
Technology and Communication,red social,/reð soθjal/,composed
Technology and Communication,correo electrónico,/koreo eleˈktɾoniko/,composed
Technology and Communication,aplicación,/aplikaˈθjon/,exact
Technology and Communication,software,/softwaɾe/,exact
Technology and Communication,hardware,/aɾðwaɾe/,exact
Technology and Communication,pantalla,/pantaʎa/,exact
Technology and Communication,teclado,/teklaðo/,exact
Technology and Communication,ratón,/raˈton/,exact
Technology and Communication,wifi,,missing
Technology and Communication,bluetooth,,missing
Technology and Communication,red,/reð/,exact
Technology and Communication,código,/ˈkoðiɣo/,exact
Technology and Communication,programación,/pɾoɣɾamaˈθjon/,exact
Technology and Communication,desarrollador,/desaroʎaðoɾ/,exact
Technology and Communication,pirateo,/piɾateo/,exact
Technology and Communication,ciberseguridad,,missing
Technology and Communication,plataforma,/platafoɾma/,exact
Technology and Communication,blog,,missing
Technology and Communication,videojuego,,missing
Technology and Communication,streaming,,missing
Technology and Communication,servidor,/seɾβiðoɾ/,exact
Technology and Communication,base de datos,/base de datos/,composed
Technology and Communication,contraseña,/kontɾaseɲa/,exact
Technology and Communication,sitio web,,missing
Technology and Communication,comunicación,/komunikaˈθjon/,exact
Technology and Communication,navegar,/naβeɣaɾ/,exact
Technology and Communication,actualizar,/aktwaliθaɾ/,exact
Technology and Communication,descargar,/deskaɾɣaɾ/,exact
Technology and Communication,subir,/suβiɾ/,exact
Technology and Communication,conectar,/konektaɾ/,exact
Technology and Communication,desconectar,/deskonektaɾ/,exact
Technology and Communication,configurar,/komfiɣuɾaɾ/,exact
Technology and Communication,archivo,/aɾtʃiβo/,exact
Technology and Communication,carpeta,/kaɾpeta/,exact
Technology and Communication,documento,/dokumento/,exact
Technology and Communication,impresora,/impɾesoɾa/,exact
Technology and Communication,escáner,,missing
Technology and Communication,altavoz,/altaβoθ/,exact
Technology and Communication,auricular,/auɾikulaɾ/,exact
Technology and Communication,cámara web,,missing
Technology and Communication,cargador,/kaɾɣaðoɾ/,exact
Technology and Communication,batería,/bateˈɾia/,exact
Technology and Communication,memoria USB,,missing
Technology and Communication,disco duro,/disko duɾo/,composed
Technology and Communication,notificación,/notifikaˈθjon/,exact
Technology and Communication,mensaje de texto,/mensaxe de teksto/,composed
Technology and Communication,llamada perdida,/ʎamaða peɾðiða/,composed
Technology and Communication,videollamada,,missing
Technology and Communication,emoji,,missing
Technology and Communication,hashtag,,missing
Technology and Communication,perfil,/peɾfil/,exact
Technology and Communication,seguidor,/seɣiðoɾ/,exact
Technology and Communication,publicación,/puβlikaˈθjon/,exact
Technology and Communication,comentario,/komentaɾjo/,exact
Technology and Communication,me gusta,/me gusta/,composed
Technology and Communication,compartir,/kompaɾtiɾ/,exact
Technology and Communication,etiquetar,/etiketaɾ/,exact
Technology and Communication,bloquear,/blokeaɾ/,exact
Technology and Communication,seguir (redes),/seɣiɾ/,exact
Technology and Communication,inteligencia artificial,/intelixenθja aɾtifiθjal/,composed
Technology and Communication,robot,/roβot/,exact
Technology and Communication,dispositivo,/dispositiβo/,exact
Technology and Communication,tableta,/taβleta/,exact
Technology and Communication,actualización,/aktwaliθaˈθjon/,exact
Technology and Communication,copia de seguridad,/kopja de seɣuɾiðað/,composed
Technology and Communication,virus informático,/biɾus imfoˈɾmatiko/,composed
Technology and Communication,antivirus,,missing
Technology and Communication,enlace,/enlaθe/,exact
Technology and Communication,adjunto,/aðxunto/,exact
Technology and Communication,almacenamiento,/almaθenamjento/,exact
Technology and Communication,chip,/tʃip/,exact
Technology and Communication,pantalla táctil,/pantaʎa ˈtaktil/,composed
Technology and Communication,realidad virtual,/realiðað biɾtwal/,composed
Technology and Communication,firma digital,/fiɾma dixital/,composed
Technology and Communication,instalar,/instalaɾ/,exact
Technology and Communication,desinstalar,/desinstalaɾ/,exact
Technology and Communication,reiniciar,/reiniθjaɾ/,exact
Technology and Communication,encender,/enθendeɾ/,exact
Technology and Communication,hackear,,missing
Numbers and Operations,cero,/θeɾo/,exact
Numbers and Operations,uno,/uno/,exact
Numbers and Operations,dos,/dos/,exact
Numbers and Operations,tres,/tɾes/,exact
Numbers and Operations,cuatro,/kwatɾo/,exact
Numbers and Operations,cinco,/θiŋko/,exact
Numbers and Operations,seis,/seis/,exact
Numbers and Operations,siete,/sjete/,exact
Numbers and Operations,ocho,/otʃo/,exact
Numbers and Operations,nueve,/nweβe/,exact
Numbers and Operations,diez,/djeθ/,exact
Numbers and Operations,once,/onθe/,exact
Numbers and Operations,doce,/doθe/,exact
Numbers and Operations,trece,/tɾeθe/,exact
Numbers and Operations,catorce,/katoɾθe/,exact
Numbers and Operations,quince,/kinθe/,exact
Numbers and Operations,dieciséis,/djeθiˈseis/,exact
Numbers and Operations,diecisiete,/djeθisjete/,exact
Numbers and Operations,dieciocho,/djeθjotʃo/,exact
Numbers and Operations,diecinueve,/djeθinweβe/,exact
Numbers and Operations,veinte,/beinte/,exact
Numbers and Operations,veintiuno,/beintjuno/,exact
Numbers and Operations,treinta,/tɾeinta/,exact
Numbers and Operations,treinta y uno,/tɾeinta i uno/,composed
Numbers and Operations,cuarenta,/kwaɾenta/,exact
Numbers and Operations,cincuenta,/θiŋkwenta/,exact
Numbers and Operations,sesenta,/sesenta/,exact
Numbers and Operations,setenta,/setenta/,exact
Numbers and Operations,ochenta,/otʃenta/,exact
Numbers and Operations,noventa,/noβenta/,exact
Numbers and Operations,cien,/θjen/,exact
Numbers and Operations,ciento uno,/θjento uno/,composed
Numbers and Operations,doscientos,/dosθjentos/,exact
Numbers and Operations,trescientos,/tɾesθjentos/,exact
Numbers and Operations,cuatrocientos,/kwatɾoθjentos/,exact
Numbers and Operations,quinientos,/kinjentos/,exact
Numbers and Operations,seiscientos,/seisθjentos/,exact
Numbers and Operations,setecientos,/seteθjentos/,exact
Numbers and Operations,ochocientos,/otʃoθjentos/,exact
Numbers and Operations,novecientos,/noβeθjentos/,exact
Numbers and Operations,mil,/mil/,exact
Numbers and Operations,diez mil,/djeθ mil/,composed
Numbers and Operations,cien mil,/θjen mil/,composed
Numbers and Operations,un millón,/un miˈʎon/,composed
Numbers and Operations,mil millones,/mil miʎones/,composed
Numbers and Operations,billón,/biˈʎon/,exact
Numbers and Operations,primero,/pɾimeɾo/,exact
Numbers and Operations,segundo,/seɣundo/,exact
Numbers and Operations,tercero,/teɾθeɾo/,exact
Numbers and Operations,cuarto,/kwaɾto/,exact
Numbers and Operations,quinto,/kinto/,exact
Numbers and Operations,sexto,/seksto/,exact
Numbers and Operations,séptimo,/ˈseptimo/,exact
Numbers and Operations,octavo,/oktaβo/,exact
Numbers and Operations,noveno,/noβeno/,exact
Numbers and Operations,décimo,/ˈdeθimo/,exact
Numbers and Operations,centésimo,/θenˈtesimo/,exact
Numbers and Operations,milésimo,/miˈlesimo/,exact
Numbers and Operations,uno coma cinco,/uno koma θiŋko/,composed
Numbers and Operations,dos coma tres,/dos koma tɾes/,composed
Numbers and Operations,un medio,/un meðjo/,composed
Numbers and Operations,un tercio,/un teɾθjo/,composed
Numbers and Operations,un cuarto,/un kwaɾto/,composed
Numbers and Operations,tres cuartos,/tɾes kwaɾtos/,composed
Numbers and Operations,un quinto,/un kinto/,composed
Numbers and Operations,sumar,/sumaɾ/,exact
Numbers and Operations,restar,/restaɾ/,exact
Numbers and Operations,multiplicar,/multiplikaɾ/,exact
Numbers and Operations,dividir,/diβiðiɾ/,exact
Numbers and Operations,suma,/suma/,exact
Numbers and Operations,resta,/resta/,exact
Numbers and Operations,producto,/pɾoðukto/,exact
Numbers and Operations,cociente,/koθjente/,exact
Numbers and Operations,número,/ˈnumeɾo/,exact
Numbers and Operations,cálculo,/ˈkalkulo/,exact
Numbers and Operations,ecuación,/ekwaˈθjon/,exact
Numbers and Operations,igual,/iɣwal/,exact
Numbers and Operations,mayor,/maʝoɾ/,exact
Numbers and Operations,menor,/menoɾ/,exact
Numbers and Operations,más,/ˈmas/,exact
Numbers and Operations,menos,/menos/,exact
Numbers and Operations,por,/poɾ/,exact
Numbers and Operations,entre,/entɾe/,exact
Numbers and Operations,porcentaje,/poɾθentaxe/,exact
Numbers and Operations,decimal,/deθimal/,exact
Numbers and Operations,fracción,/fɾaˈkθjon/,exact
Numbers and Operations,paréntesis,/paˈɾentesis/,exact
Numbers and Operations,raíz cuadrada,/raˈiθ kwaðɾaða/,composed
Numbers and Operations,potencia,/potenθja/,exact
Numbers and Operations,negativo,/neɣatiβo/,exact
Numbers and Operations,positivo,/positiβo/,exact
Numbers and Operations,impar,/impaɾ/,exact
Numbers and Operations,par,/paɾ/,exact
Numbers and Operations,primo,/pɾimo/,exact
Numbers and Operations,infinito,/imfinito/,exact
Numbers and Operations,logaritmo,/loɣaɾitmo/,exact
Numbers and Operations,exponente,/eksponente/,exact
Numbers and Operations,promedio,/pɾomeðjo/,exact
Time and Date,año,/aɲo/,exact
Time and Date,mes,/mes/,exact
Time and Date,trimestre,/tɾimestɾe/,exact
Time and Date,bimestre,/bimestɾe/,exact
Time and Date,década,/ˈdekaða/,exact
Time and Date,siglo,/siɣlo/,exact
Time and Date,milenio,/milenjo/,exact
Time and Date,enero,/eneɾo/,exact
Time and Date,febrero,/feβɾeɾo/,exact
Time and Date,marzo,/maɾθo/,exact
Time and Date,abril,/aβɾil/,exact
Time and Date,mayo,/maʝo/,exact
Time and Date,junio,/xunjo/,exact
Time and Date,julio,/xuljo/,exact
Time and Date,agosto,/aɣosto/,exact
Time and Date,septiembre,/septjembɾe/,exact
Time and Date,octubre,/oktuβɾe/,exact
Time and Date,noviembre,/noβjembɾe/,exact
Time and Date,diciembre,/diθjembɾe/,exact
Time and Date,primavera,/pɾimaβeɾa/,exact
Time and Date,verano,/beɾano/,exact
Time and Date,otoño,/otoɲo/,exact
Time and Date,invierno,/imbjeɾno/,exact
Time and Date,semana,/semana/,exact
Time and Date,día,/ˈdia/,exact
Time and Date,fin de semana,/fin de semana/,composed
Time and Date,lunes,/lunes/,exact
Time and Date,martes,/maɾtes/,exact
Time and Date,miércoles,/miˈeɾkoles/,exact
Time and Date,jueves,/xweβes/,exact
Time and Date,viernes,/bjeɾnes/,exact
Time and Date,sábado,/ˈsaβaðo/,exact
Time and Date,domingo,/domiŋgo/,exact
Time and Date,día laboral,/ˈdia laβoɾal/,composed
Time and Date,día festivo,/ˈdia festiβo/,composed
Time and Date,hoy,/oj/,exact
Time and Date,mañana,/maɲana/,exact
Time and Date,ayer,/aʝeɾ/,exact
Time and Date,anteayer,/anteaʝeɾ/,exact
Time and Date,pasado mañana,/pasaðo maɲana/,composed
Time and Date,reloj,/relox/,exact
Time and Date,hora,/oɾa/,exact
Time and Date,minuto,/minuto/,exact
Time and Date,segundo,/seɣundo/,exact
Time and Date,mediodía,/meðjoˈðia/,exact
Time and Date,medianoche,/meðjanotʃe/,exact
Time and Date,tarde,/taɾðe/,exact
Time and Date,noche,/notʃe/,exact
Time and Date,anoche,/anotʃe/,exact
Time and Date,amanecer,/amaneθeɾ/,exact
Time and Date,atardecer,/ataɾðeθeɾ/,exact
Time and Date,día entero,/ˈdia enteɾo/,composed
Time and Date,rato,/rato/,exact
Time and Date,momento,/momento/,exact
Time and Date,segundero,/seɣundeɾo/,exact
Time and Date,manecilla,/maneθiʎa/,exact
Time and Date,esfera,/esfeɾa/,exact
Time and Date,puntual,/puntwal/,exact
Time and Date,tiempo,/tjempo/,exact
Time and Date,cronología,/kɾonoloˈxia/,exact
Time and Date,calendario,/kalendaɾjo/,exact
Time and Date,era,/eɾa/,exact
Time and Date,época,/ˈepoka/,exact
Time and Date,período,/peˈɾioðo/,exact
Time and Date,fecha,/fetʃa/,exact
Time and Date,día de la semana,/ˈdia de la semana/,composed
Time and Date,horario,/oɾaɾjo/,exact
Time and Date,temporada,/tempoɾaða/,exact
Time and Date,temporizador,/tempoɾiθaðoɾ/,exact
Time and Date,cronómetro,/kɾoˈnometɾo/,exact
Time and Date,zona horaria,/θona oɾaɾja/,composed
Time and Date,duración,/duɾaˈθjon/,exact
Time and Date,eternidad,/eteɾniðað/,exact
Time and Date,futuro,/futuɾo/,exact
Time and Date,pasado,/pasaðo/,exact
Time and Date,presente,/pɾesente/,exact
Time and Date,urgente,/uɾxente/,exact
Time and Date,instantáneo,/instanˈtaneo/,exact
Time and Date,vez,/beθ/,exact
Shopping and Money,tienda,/tjenda/,exact
Shopping and Money,mercado,/meɾkaðo/,exact
Shopping and Money,supermercado,/supeɾmeɾkaðo/,exact
Shopping and Money,centro comercial,/θentɾo komeɾθjal/,composed
Shopping and Money,boutique,,missing
Shopping and Money,panadería,/panaðeˈɾia/,exact
Shopping and Money,carnicería,/kaɾniθeˈɾia/,exact
Shopping and Money,frutería,/fɾuteˈɾia/,exact
Shopping and Money,pescadería,/peskaðeˈɾia/,exact
Shopping and Money,joyería,/xoʝeˈɾia/,exact
Shopping and Money,zapatería,/θapateˈɾia/,exact
Shopping and Money,farmacia,/faɾmaθja/,exact
Shopping and Money,cliente,/kljente/,exact
Shopping and Money,vendedor,/bendeðoɾ/,exact
Shopping and Money,dependiente,/dependjente/,exact
Shopping and Money,dinero,/dineɾo/,exact
Shopping and Money,efectivo,/efektiβo/,exact
Shopping and Money,tarjeta de crédito,/taɾxeta de ˈkɾeðito/,composed
Shopping and Money,tarjeta de débito,/taɾxeta de ˈdeβito/,composed
Shopping and Money,tarjeta regalo,/taɾxeta reɣalo/,composed
Shopping and Money,moneda,/moneða/,exact
Shopping and Money,billete,/biʎete/,exact
Shopping and Money,precio,/pɾeθjo/,exact
Shopping and Money,oferta,/ofeɾta/,exact
Shopping and Money,descuento,/deskwento/,exact
Shopping and Money,rebaja,/reβaxa/,exact
Shopping and Money,cambio,/kambjo/,exact
Shopping and Money,carrito,,missing
Shopping and Money,bolsa,/bolsa/,exact
Shopping and Money,recibo,/reθiβo/,exact
Shopping and Money,factura,/faktuɾa/,exact
Shopping and Money,compra,/kompɾa/,exact
Shopping and Money,ahorro,/aoro/,exact
Shopping and Money,gasto,/gasto/,exact
Shopping and Money,presupuesto,/pɾesupwesto/,exact
Shopping and Money,crédito,/ˈkɾeðito/,exact
Shopping and Money,préstamo,/ˈpɾestamo/,exact
Shopping and Money,hipoteca,/ipoteka/,exact
Shopping and Money,inversión,/imbeˈɾsjon/,exact
Shopping and Money,interés,/inteˈɾes/,exact
Shopping and Money,banco,/baŋko/,exact
Shopping and Money,cajero automático,/kaxeɾo autoˈmatiko/,composed
Shopping and Money,saldo,/saldo/,exact
Shopping and Money,cuenta corriente,/kwenta korjente/,composed
Shopping and Money,cuenta de ahorros,/kwenta de aoros/,composed
Shopping and Money,acción,/aˈkθjon/,exact
Shopping and Money,transacción,/tɾansaˈkθjon/,exact
Shopping and Money,transferencia,/tɾansfeɾenθja/,exact
Shopping and Money,billetera,/biʎeteɾa/,exact
Shopping and Money,cheque,/tʃeke/,exact
Shopping and Money,compañía,/kompaˈɲia/,exact
Shopping and Money,producto,/pɾoðukto/,exact
Shopping and Money,marca,/maɾka/,exact
Shopping and Money,etiqueta,/etiketa/,exact
Shopping and Money,catálogo,/kaˈtaloɣo/,exact
Shopping and Money,mostrador,/mostɾaðoɾ/,exact
Shopping and Money,probador,/pɾoβaðoɾ/,exact
Shopping and Money,almacén,/almaˈθen/,exact
Shopping and Money,comprador,/kompɾaðoɾ/,exact
Shopping and Money,venta,/benta/,exact
Shopping and Money,subasta,/suβasta/,exact
Shopping and Money,precio fijo,/pɾeθjo fixo/,composed
Shopping and Money,precio negociable,/pɾeθjo neɣoθjaβle/,composed
Shopping and Money,dólar,/ˈdolaɾ/,exact
Shopping and Money,euro,/euɾo/,exact
Shopping and Money,peso,/peso/,exact
Shopping and Money,cupón,/kuˈpon/,exact
Shopping and Money,quiebra,/kjeβɾa/,exact
Shopping and Money,chequera,,missing
Emotions and Personality,felicidad,/feliθiðað/,exact
Emotions and Personality,alegría,/aleˈɣɾia/,exact
Emotions and Personality,amor,/amoɾ/,exact
Emotions and Personality,tristeza,/tɾisteθa/,exact
Emotions and Personality,enojo,/enoxo/,exact
Emotions and Personality,ira,/iɾa/,exact
Emotions and Personality,miedo,/mjeðo/,exact
Emotions and Personality,ansiedad,/ansjeðað/,exact
Emotions and Personality,preocupación,/pɾeokupaˈθjon/,exact
Emotions and Personality,esperanza,/espeɾanθa/,exact
Emotions and Personality,confianza,/komfjanθa/,exact
Emotions and Personality,vergüenza,/beɾɣwenθa/,exact
Emotions and Personality,orgullo,/oɾɣuʎo/,exact
Emotions and Personality,curiosidad,/kuɾjosiðað/,exact
Emotions and Personality,gratitud,/gɾatituð/,exact
Emotions and Personality,empatía,,missing
Emotions and Personality,compasión,/kompaˈsjon/,exact
Emotions and Personality,celos,/θelos/,exact
Emotions and Personality,envidia,/embiðja/,exact
Emotions and Personality,culpa,/kulpa/,exact
Emotions and Personality,remordimiento,/remoɾðimjento/,exact
Emotions and Personality,odio,/oðjo/,exact
Emotions and Personality,serenidad,/seɾeniðað/,exact
Emotions and Personality,calma,/kalma/,exact
Emotions and Personality,alegre,/aleɣɾe/,exact
Emotions and Personality,triste,/tɾiste/,exact
Emotions and Personality,enojado,/enoxaðo/,exact
Emotions and Personality,ansioso,/ansjoso/,exact
Emotions and Personality,optimista,/optimista/,exact
Emotions and Personality,pesimista,/pesimista/,exact
Emotions and Personality,introvertido,,missing
Emotions and Personality,extrovertido,/ekstɾoβeɾtiðo/,exact
Emotions and Personality,amable,/amaβle/,exact
Emotions and Personality,generoso,/xeneɾoso/,exact
Emotions and Personality,egoísta,/eɣoˈista/,exact
Emotions and Personality,humilde,/umilde/,exact
Emotions and Personality,arrogante,/aroɣante/,exact
Emotions and Personality,valiente,/baljente/,exact
Emotions and Personality,miedoso,/mjeðoso/,exact
Emotions and Personality,paciente,/paθjente/,exact
Emotions and Personality,impaciente,/impaθjente/,exact
Emotions and Personality,simpático,/siˈmpatiko/,exact
Emotions and Personality,tímido,/ˈtimiðo/,exact
Emotions and Personality,emocionado,/emoθjonaðo/,exact
Emotions and Personality,apasionado,/apasjonaðo/,exact
Emotions and Personality,tranquilo,/tɾaŋkilo/,exact
Emotions and Personality,contento,/kontento/,exact
Emotions and Personality,feliz,/feliθ/,exact
Emotions and Personality,desesperado,/desespeɾaðo/,exact
Emotions and Personality,agobiado,/aɣoβjaðo/,exact
Emotions and Personality,frustrado,/fɾustɾaðo/,exact
Emotions and Personality,satisfecho,/satisfetʃo/,exact
Emotions and Personality,aburrido,/aβuriðo/,exact
Emotions and Personality,nervioso,/neɾβjoso/,exact
Emotions and Personality,orgulloso,/oɾɣuʎoso/,exact
Emotions and Personality,apático,/aˈpatiko/,exact
Emotions and Personality,comprometido,/kompɾometiðo/,exact
Emotions and Personality,ambicioso,/ambiθjoso/,exact
Emotions and Personality,indiferente,/indifeɾente/,exact
Emotions and Personality,tranquilidad,/tɾaŋkiliðað/,exact
Emotions and Personality,indeciso,/indeθiso/,exact
Emotions and Personality,seriedad,/seɾjeðað/,exact
Emotions and Personality,determinación,/deteɾminaˈθjon/,exact
Emotions and Personality,sensibilidad,/sensiβiliðað/,exact
Emotions and Personality,cariño,/kaɾiɲo/,exact
Physical Description,alto,/alto/,exact
Physical Description,bajo,/baxo/,exact
Physical Description,delgado,/delgaðo/,exact
Physical Description,gordo,/goɾðo/,exact
Physical Description,guapo,/gwapo/,exact
Physical Description,feo,/feo/,exact
Physical Description,joven,/xoβen/,exact
Physical Description,viejo,/bjexo/,exact
Physical Description,largo,/laɾɣo/,exact
Physical Description,corto,/koɾto/,exact
Physical Description,ancho,/aɲtʃo/,exact
Physical Description,estrecho,/estɾetʃo/,exact
Physical Description,grueso,/gɾweso/,exact
Physical Description,fino,/fino/,exact
Physical Description,fuerte,/fweɾte/,exact
Physical Description,débil,/ˈdeβil/,exact
Physical Description,musculoso,/muskuloso/,exact
Physical Description,delicado,/delikaðo/,exact
Physical Description,rizado,/riθaðo/,exact
Physical Description,liso,/liso/,exact
Physical Description,moreno,/moɾeno/,exact
Physical Description,rubio,/ruβjo/,exact
Physical Description,pelirrojo,/peliroxo/,exact
Physical Description,canoso,/kanoso/,exact
Physical Description,bonito,/bonito/,exact
Physical Description,elegante,/eleɣante/,exact
Physical Description,atractivo,/atɾaktiβo/,exact
Physical Description,gigante,/xiɣante/,exact
Physical Description,enorme,/enoɾme/,exact
Physical Description,diminuto,/diminuto/,exact
Physical Description,pequeño,/pekeɲo/,exact
Physical Description,grande,/gɾande/,exact
Physical Description,mediano,/meðjano/,exact
Physical Description,nuevo,/nweβo/,exact
Physical Description,antiguo,/antiɣwo/,exact
Physical Description,moderno,/moðeɾno/,exact
Physical Description,limpio,/limpjo/,exact
Physical Description,sucio,/suθjo/,exact
Physical Description,ordenado,/oɾðenaðo/,exact
Physical Description,desordenado,/desoɾðenaðo/,exact
Physical Description,caro,/kaɾo/,exact
Physical Description,barato,/baɾato/,exact
Physical Description,fácil,/ˈfaθil/,exact
Physical Description,difícil,/diˈfiθil/,exact
Physical Description,importante,/impoɾtante/,exact
Physical Description,interesante,/inteɾesante/,exact
Physical Description,útil,/ˈutil/,exact
Physical Description,inútil,/iˈnutil/,exact
Physical Description,rápido,/ˈrapiðo/,exact
Physical Description,lento,/lento/,exact
Physical Description,ligero,/lixeɾo/,exact
Physical Description,pesado,/pesaðo/,exact
Physical Description,duro,/duɾo/,exact
Physical Description,blando,/blando/,exact
Physical Description,áspero,/ˈaspeɾo/,exact
Physical Description,seco,/seko/,exact
Physical Description,mojado,/moxaðo/,exact
Physical Description,lleno,/ʎeno/,exact
Physical Description,vacío,/baˈθio/,exact
Physical Description,abierto,/aβjeɾto/,exact
Physical Description,cerrado,/θeraðo/,exact
Physical Description,roto,/roto/,exact
Physical Description,bueno,/bweno/,exact
Physical Description,malo,/malo/,exact
Physical Description,mejor,/mexoɾ/,exact
Physical Description,peor,/peoɾ/,exact
Physical Description,esbelto,/ezβelto/,exact
Physical Description,robusto,/roβusto/,exact
Countries and Nationalities,Argentina,/aɾxentina/,exact
Countries and Nationalities,argentino,/aɾxentino/,exact
Countries and Nationalities,Austria,/austɾja/,exact
Countries and Nationalities,austriaco,/austɾjako/,exact
Countries and Nationalities,Australia,/austɾalja/,exact
Countries and Nationalities,australiano,/austɾaljano/,exact
Countries and Nationalities,Bélgica,/ˈbelxika/,exact
Countries and Nationalities,belga,/belga/,exact
Countries and Nationalities,Brasil,/bɾasil/,exact
Countries and Nationalities,brasileño,/bɾasileɲo/,exact
Countries and Nationalities,Canadá,/kanaˈða/,exact
Countries and Nationalities,canadiense,/kanaðjense/,exact
Countries and Nationalities,Chile,/tʃile/,exact
Countries and Nationalities,chileno,/tʃileno/,exact
Countries and Nationalities,China,/tʃina/,exact
Countries and Nationalities,chino,/tʃino/,exact
Countries and Nationalities,Colombia,,missing
Countries and Nationalities,colombiano,/kolombjano/,exact
Countries and Nationalities,Corea del Sur,/koɾea del suɾ/,composed
Countries and Nationalities,surcoreano,,missing
Countries and Nationalities,Dinamarca,,missing
Countries and Nationalities,danés,/daˈnes/,exact
Countries and Nationalities,Egipto,,missing
Countries and Nationalities,egipcio,/exipθjo/,exact
Countries and Nationalities,España,/espaɲa/,exact
Countries and Nationalities,español,/espaɲol/,exact
Countries and Nationalities,Estados Unidos,/estaðos uniðos/,composed
Countries and Nationalities,estadounidense,/estaðouniðense/,exact
Countries and Nationalities,Francia,/fɾanθja/,exact
Countries and Nationalities,francés,/fɾanˈθes/,exact
Countries and Nationalities,Grecia,,missing
Countries and Nationalities,griego,/gɾjeɣo/,exact
Countries and Nationalities,Holanda,/olanda/,exact
Countries and Nationalities,holandés,/olanˈdes/,exact
Countries and Nationalities,India,/indja/,exact
Countries and Nationalities,indio,/indjo/,exact
Countries and Nationalities,Irlanda,/iɾlanda/,exact
Countries and Nationalities,irlandés,/iɾlanˈdes/,exact
Countries and Nationalities,Italia,/italja/,exact
Countries and Nationalities,italiano,/italjano/,exact
Countries and Nationalities,Irán,/iˈɾan/,exact
Countries and Nationalities,iraní,,missing
Countries and Nationalities,Japón,/xaˈpon/,exact
Countries and Nationalities,japonés,/xapoˈnes/,exact
Countries and Nationalities,Líbano,,missing
Countries and Nationalities,libanés,,missing
Countries and Nationalities,Malasia,,missing
Countries and Nationalities,malasio,,missing
Countries and Nationalities,Macedonia,/maθeðonja/,exact
Countries and Nationalities,macedonio,/maθeðonjo/,exact
Countries and Nationalities,México,/ˈmexiko/,exact
Countries and Nationalities,mexicano,,missing
Countries and Nationalities,Noruega,/noɾweɣa/,exact
Countries and Nationalities,noruego,/noɾweɣo/,exact
Countries and Nationalities,Paraguay,/paɾaɣwaj/,exact
Countries and Nationalities,paraguayo,/paɾaɣwaʝo/,exact
Countries and Nationalities,Perú,/peˈɾu/,exact
Countries and Nationalities,peruano,/peɾwano/,exact
Countries and Nationalities,Polonia,/polonja/,exact
Countries and Nationalities,polaco,/polako/,exact
Countries and Nationalities,Portugal,/poɾtuɣal/,exact
Countries and Nationalities,portugués,/poɾtuˈɣes/,exact
Countries and Nationalities,Reino Unido,/reino uniðo/,composed
Countries and Nationalities,británico,/bɾiˈtaniko/,exact
Countries and Nationalities,Rusia,/rusja/,exact
Countries and Nationalities,ruso,/ruso/,exact
Countries and Nationalities,Sudáfrica,,missing
Countries and Nationalities,sudafricano,/suðafɾikano/,exact
Countries and Nationalities,Suecia,,missing
Countries and Nationalities,sueco,/sweko/,exact
Countries and Nationalities,Suiza,/swiθa/,exact
Countries and Nationalities,suizo,/swiθo/,exact
Countries and Nationalities,Turquía,/tuˈɾkia/,exact
Countries and Nationalities,turco,/tuɾko/,exact
Countries and Nationalities,Uruguay,,missing
Countries and Nationalities,uruguayo,/uɾuɣwaʝo/,exact
Countries and Nationalities,Venezuela,/beneθwela/,exact
Countries and Nationalities,venezolano,/beneθolano/,exact
Countries and Nationalities,Vietnam,,missing
Countries and Nationalities,vietnamita,,missing
Countries and Nationalities,Marruecos,/marwekos/,exact
Countries and Nationalities,marroquí,/maroˈki/,exact
Countries and Nationalities,Filipinas,/filipinas/,exact
Core and Everyday Verbs,abrir,/aβɾiɾ/,exact
Core and Everyday Verbs,andar,/andaɾ/,exact
Core and Everyday Verbs,apagar,/apaɣaɾ/,exact
Core and Everyday Verbs,ayudar,/aʝuðaɾ/,exact
Core and Everyday Verbs,beber,/beβeɾ/,exact
Core and Everyday Verbs,buscar,/buskaɾ/,exact
Core and Everyday Verbs,cambiar,/kambjaɾ/,exact
Core and Everyday Verbs,comer,/komeɾ/,exact
Core and Everyday Verbs,comprar,/kompɾaɾ/,exact
Core and Everyday Verbs,conocer,/konoθeɾ/,exact
Core and Everyday Verbs,saber,/saβeɾ/,exact
Core and Everyday Verbs,contar,/kontaɾ/,exact
Core and Everyday Verbs,dar,/daɾ/,exact
Core and Everyday Verbs,decidir,/deθiðiɾ/,exact
Core and Everyday Verbs,decir,/deθiɾ/,exact
Core and Everyday Verbs,desayunar,/desaʝunaɾ/,exact
Core and Everyday Verbs,cenar,/θenaɾ/,exact
Core and Everyday Verbs,dormir,/doɾmiɾ/,exact
Core and Everyday Verbs,escuchar,/eskutʃaɾ/,exact
Core and Everyday Verbs,esperar,/espeɾaɾ/,exact
Core and Everyday Verbs,hablar,/aβlaɾ/,exact
Core and Everyday Verbs,hacer,/aθeɾ/,exact
Core and Everyday Verbs,ir,/iɾ/,exact
Core and Everyday Verbs,llevar,/ʎeβaɾ/,exact
Core and Everyday Verbs,mirar,/miɾaɾ/,exact
Core and Everyday Verbs,necesitar,/neθesitaɾ/,exact
Core and Everyday Verbs,oír,/oˈiɾ/,exact
Core and Everyday Verbs,olvidar,/olβiðaɾ/,exact
Core and Everyday Verbs,pagar,/paɣaɾ/,exact
Core and Everyday Verbs,parar,/paɾaɾ/,exact
Core and Everyday Verbs,pasar,/pasaɾ/,exact
Core and Everyday Verbs,pensar,/pensaɾ/,exact
Core and Everyday Verbs,preguntar,/pɾeɣuntaɾ/,exact
Core and Everyday Verbs,preparar,/pɾepaɾaɾ/,exact
Core and Everyday Verbs,quedar,/keðaɾ/,exact
Core and Everyday Verbs,recibir,/reθiβiɾ/,exact
Core and Everyday Verbs,recordar,/rekoɾðaɾ/,exact
Core and Everyday Verbs,salir,/saliɾ/,exact
Core and Everyday Verbs,sentar,/sentaɾ/,exact
Core and Everyday Verbs,sentir,/sentiɾ/,exact
Core and Everyday Verbs,servir,/seɾβiɾ/,exact
Core and Everyday Verbs,trabajar,/tɾaβaxaɾ/,exact
Core and Everyday Verbs,traer,/tɾaeɾ/,exact
Core and Everyday Verbs,usar,/usaɾ/,exact
Core and Everyday Verbs,vender,/bendeɾ/,exact
Core and Everyday Verbs,ver,/beɾ/,exact
Core and Everyday Verbs,vivir,/biβiɾ/,exact
Core and Everyday Verbs,volver,/bolβeɾ/,exact
Core and Everyday Verbs,acabar,/akaβaɾ/,exact
Core and Everyday Verbs,crear,/kɾeaɾ/,exact
Core and Everyday Verbs,empezar,/empeθaɾ/,exact
Core and Everyday Verbs,tomar,/tomaɾ/,exact
Core and Everyday Verbs,ser,/seɾ/,exact
Core and Everyday Verbs,estar,/estaɾ/,exact
Core and Everyday Verbs,tener,/teneɾ/,exact
Core and Everyday Verbs,haber,/aβeɾ/,exact
Core and Everyday Verbs,poder,/poðeɾ/,exact
Core and Everyday Verbs,querer,/keɾeɾ/,exact
Core and Everyday Verbs,deber,/deβeɾ/,exact
Core and Everyday Verbs,poner,/poneɾ/,exact
Core and Everyday Verbs,gustar,/gustaɾ/,exact
Core and Everyday Verbs,llamarse,/ʎamaɾse/,exact
Core and Everyday Verbs,levantarse,/leβantaɾse/,exact
Core and Everyday Verbs,acostarse,/akostaɾse/,exact
Core and Everyday Verbs,ducharse,/dutʃaɾse/,exact
Core and Everyday Verbs,vestirse,/bestiɾse/,exact
Core and Everyday Verbs,despertarse,/despeɾtaɾse/,exact
Core and Everyday Verbs,venir,/beniɾ/,exact
Core and Everyday Verbs,llegar,/ʎeɣaɾ/,exact
Core and Everyday Verbs,entender,/entendeɾ/,exact
Core and Everyday Verbs,seguir,/seɣiɾ/,exact
Core and Everyday Verbs,terminar,/teɾminaɾ/,exact
Core and Everyday Verbs,lograr,/loɣɾaɾ/,exact
Core and Everyday Verbs,carecer de,/kaɾeθeɾ de/,composed
Actions and Social Verbs,abandonar,/aβandonaɾ/,exact
Actions and Social Verbs,abrazar,/aβɾaθaɾ/,exact
Actions and Social Verbs,aceptar,/aθeptaɾ/,exact
Actions and Social Verbs,acompañar,/akompaɲaɾ/,exact
Actions and Social Verbs,actuar,/aktwaɾ/,exact
Actions and Social Verbs,aparecer,/apaɾeθeɾ/,exact
Actions and Social Verbs,bailar,/bailaɾ/,exact
Actions and Social Verbs,caminar,/kaminaɾ/,exact
Actions and Social Verbs,cantar,/kantaɾ/,exact
Actions and Social Verbs,correr,/koreɾ/,exact
Actions and Social Verbs,creer,/kɾeeɾ/,exact
Actions and Social Verbs,desear,/deseaɾ/,exact
Actions and Social Verbs,existir,/eksistiɾ/,exact
Actions and Social Verbs,faltar,/faltaɾ/,exact
Actions and Social Verbs,festejar,/festexaɾ/,exact
Actions and Social Verbs,ganar,/ganaɾ/,exact
Actions and Social Verbs,gastar,/gastaɾ/,exact
Actions and Social Verbs,gritar,/gɾitaɾ/,exact
Actions and Social Verbs,invitar,/imbitaɾ/,exact
Actions and Social Verbs,limpiar,/limpjaɾ/,exact
Actions and Social Verbs,mandar,/mandaɾ/,exact
Actions and Social Verbs,perder,/peɾðeɾ/,exact
Actions and Social Verbs,permitir,/peɾmitiɾ/,exact
Actions and Social Verbs,quitar,/kitaɾ/,exact
Actions and Social Verbs,reconocer,/rekonoθeɾ/,exact
Actions and Social Verbs,reír,/reˈiɾ/,exact
Actions and Social Verbs,resolver,/resolβeɾ/,exact
Actions and Social Verbs,saludar,/saluðaɾ/,exact
Actions and Social Verbs,viajar,/bjaxaɾ/,exact
Actions and Social Verbs,advertir,/aðβeɾtiɾ/,exact
Actions and Social Verbs,arrepentirse,/arepentiɾse/,exact
Actions and Social Verbs,asistir,/asistiɾ/,exact
Actions and Social Verbs,borrar,/boraɾ/,exact
Actions and Social Verbs,cargar,/kaɾɣaɾ/,exact
Actions and Social Verbs,colocar,/kolokaɾ/,exact
Actions and Social Verbs,comenzar,/komenθaɾ/,exact
Actions and Social Verbs,construir,/konstɾwiɾ/,exact
Actions and Social Verbs,contestar,/kontestaɾ/,exact
Actions and Social Verbs,crecer,/kɾeθeɾ/,exact
Actions and Social Verbs,dudar,/duðaɾ/,exact
Actions and Social Verbs,esconder,/eskondeɾ/,exact
Actions and Social Verbs,exigir,/eksixiɾ/,exact
Actions and Social Verbs,funcionar,/funθjonaɾ/,exact
Actions and Social Verbs,llorar,/ʎoɾaɾ/,exact
Actions and Social Verbs,negar,/neɣaɾ/,exact
Actions and Social Verbs,oler,/oleɾ/,exact
Actions and Social Verbs,perdonar,/peɾðonaɾ/,exact
Actions and Social Verbs,pintar,/pintaɾ/,exact
Actions and Social Verbs,probar,/pɾoβaɾ/,exact
Actions and Social Verbs,reaccionar,/reakθjonaɾ/,exact
Actions and Social Verbs,romper,/rompeɾ/,exact
Actions and Social Verbs,sustituir,/sustitwiɾ/,exact
Actions and Social Verbs,tocar,/tokaɾ/,exact
Actions and Social Verbs,adivinar,/aðiβinaɾ/,exact
Actions and Social Verbs,admitir,/aðmitiɾ/,exact
Actions and Social Verbs,alegrar,/aleɣɾaɾ/,exact
Actions and Social Verbs,amar,/amaɾ/,exact
Actions and Social Verbs,aplicar,/aplikaɾ/,exact
Actions and Social Verbs,arreglar,/areɣlaɾ/,exact
Actions and Social Verbs,asustar,/asustaɾ/,exact
Actions and Social Verbs,atender,/atendeɾ/,exact
Actions and Social Verbs,enviar,/embjaɾ/,exact
Actions and Social Verbs,formar,/foɾmaɾ/,exact
Actions and Social Verbs,desahogarse,/desaoɣaɾse/,exact
Actions and Social Verbs,conformarse,/komfoɾmaɾse/,exact
Actions and Social Verbs,sobrellevar,/soβɾeʎeβaɾ/,exact
Question Words and Connectors,qué,/ˈke/,exact
Question Words and Connectors,quién,/kjen/,exact
Question Words and Connectors,cuál,/ˈkwal/,exact
Question Words and Connectors,cómo,/ˈkomo/,exact
Question Words and Connectors,cuándo,/ˈkwando/,exact
Question Words and Connectors,dónde,/ˈdonde/,exact
Question Words and Connectors,por qué,/poɾ ˈke/,composed
Question Words and Connectors,para qué,/paɾa ˈke/,composed
Question Words and Connectors,cuánto,/ˈkwanto/,exact
Question Words and Connectors,cuántos,/ˈkwantos/,exact
Question Words and Connectors,y,/i/,exact
Question Words and Connectors,o,/o/,exact
Question Words and Connectors,pero,/peɾo/,exact
Question Words and Connectors,porque,/poɾke/,exact
Question Words and Connectors,aunque,/auŋke/,exact
Question Words and Connectors,sin embargo,/sin embaɾɣo/,composed
Question Words and Connectors,además,/aðeˈmas/,exact
Question Words and Connectors,mientras,/mjentɾas/,exact
Question Words and Connectors,entonces,/entonθes/,exact
Question Words and Connectors,también,/taˈmbjen/,exact
Question Words and Connectors,tampoco,/tampoko/,exact
Question Words and Connectors,si,/si/,exact
Question Words and Connectors,cuando,/kwando/,exact
Question Words and Connectors,como,/komo/,exact
Question Words and Connectors,que,/ke/,exact
Question Words and Connectors,por lo tanto,/poɾ lo tanto/,composed
Question Words and Connectors,por eso,/poɾ eso/,composed
Question Words and Connectors,es decir,/es deθiɾ/,composed
Question Words and Connectors,en cambio,/en kambjo/,composed
Question Words and Connectors,de hecho,/de etʃo/,composed
Question Words and Connectors,a pesar de,/a pesaɾ de/,composed
Question Words and Connectors,desde,/dezðe/,exact
Question Words and Connectors,hasta,/asta/,exact
Question Words and Connectors,durante,/duɾante/,exact
Question Words and Connectors,antes de,/antes de/,composed
Question Words and Connectors,después de,/deˈspwes de/,composed
Question Words and Connectors,luego,/lweɣo/,exact
Question Words and Connectors,primero,/pɾimeɾo/,exact
Question Words and Connectors,finalmente,/finalmente/,exact
Question Words and Connectors,además de,/aðeˈmas de/,composed
Question Words and Connectors,en resumen,/en resumen/,composed
Question Words and Connectors,por ejemplo,/poɾ exemplo/,composed
Question Words and Connectors,o sea,/o sea/,composed
Question Words and Connectors,ni,/ni/,exact
Question Words and Connectors,tanto...como,/tanto komo/,composed
Question Words and Connectors,mismo,/mizmo/,exact
Question Words and Connectors,otro,/otɾo/,exact
Question Words and Connectors,cada,/kaða/,exact
Question Words and Connectors,algún,/aˈlgun/,exact
Question Words and Connectors,ningún,/niˈŋgun/,exact
Question Words and Connectors,todo,/toðo/,exact
Question Words and Connectors,alguien,/algjen/,exact
Question Words and Connectors,nadie,/naðje/,exact
Question Words and Connectors,algo,/algo/,exact
Question Words and Connectors,nada,/naða/,exact
Question Words and Connectors,cualquiera,/kwalkjeɾa/,exact
Question Words and Connectors,varios,/baɾjos/,exact
Question Words and Connectors,siempre,/sjempɾe/,exact
Question Words and Connectors,nunca,/nuŋka/,exact
Question Words and Connectors,a veces,/a beθes/,composed
Question Words and Connectors,a menudo,/a menuðo/,composed
Question Words and Connectors,rara vez,/raɾa beθ/,composed
Question Words and Connectors,normalmente,/noɾmalmente/,exact
Question Words and Connectors,casi nunca,/kasi nuŋka/,composed
Question Words and Connectors,casi siempre,/kasi sjempɾe/,composed
Question Words and Connectors,todos los días,/toðos los ˈdias/,composed
Question Words and Connectors,de vez en cuando,/de beθ en kwando/,composed
Question Words and Connectors,mucho,/mutʃo/,exact
Question Words and Connectors,poco,/poko/,exact
Question Words and Connectors,ahora,/aoɾa/,exact
Question Words and Connectors,ya,/ʝa/,exact
Question Words and Connectors,todavía,/toðaˈβia/,exact
Question Words and Connectors,cosa,/kosa/,exact
Question Words and Connectors,no obstante,/no oβstante/,composed
Question Words and Connectors,siempre que,/sjempɾe ke/,composed
Question Words and Connectors,a menos que,/a menos ke/,composed
